{
  "rawImage": {
    "sliceThickness": null,
    "spaceBetweenSlices": null,
    "kilovoltPeak": null,
    "modality": {
      "id": 25,
      "name": "MR_T1c",
      "description": "Magnetic Resonance T1c",
      "selfUrl": "https://www.smir.ch/api/modalities/25"
    }
  },
  "subjectSnapshot": {
    "ageInDays": null,
    "heightInMeters": null,
    "weightInKilograms": null,
    "gender": {
      "id": 1,
      "name": "O",
      "description": "Other",
      "selfUrl": "https://www.smir.ch/api/genders/1"
    },
    "dominance": {
      "id": 1,
      "name": "NS",
      "description": "Not Specified",
      "selfUrl": "https://www.smir.ch/api/dominances/1"
    }
  },
  "id": 54217,
  "createdDate": "2014-11-05T10:19:23.0030000Z",
  "name": "SMIR.Brain.XX.O.MR_T1c.54217.000.mha",
  "description": "BRATS 2014 Testing Data",
  "ontologyCount": 1,
  "type": {
    "name": "RawImage",
    "displayName": "Raw Image",
    "displayNameShort": "RAW",
    "selfUrl": "https://www.smir.ch/api/object_types/RawImage"
  },
  "downloadUrl": "https://www.smir.ch/api/objects/54217/download",
  "license": {
    "selfUrl": "https://www.smir.ch/api/licenses/1"
  },
  "owner": {
    "selfUrl": "https://www.smir.ch/api/users/86"
  },
  "files": {
    "totalCount": 1,
    "pagination": {
      "rpp": 25,
      "page": 0
    },
    "items": [
      {
        "selfUrl": "https://www.smir.ch/api/files/753910"
      }
    ],
    "nextPageUrl": null
  },
  "linkedObjects": {
    "totalCount": 1222,
    "pagination": {
      "rpp": 25,
      "page": 0
    },
    "items": [
      {
        "selfUrl": "https://www.smir.ch/api/objects/54220"
      },
      {
        "selfUrl": "https://www.smir.ch/api/objects/79157"
      },
      {
        "selfUrl": "https://www.smir.ch/api/objects/100217"
      },
      {
        "selfUrl": "https://www.smir.ch/api/objects/130723"
      },
      {
        "selfUrl": "https://www.smir.ch/api/objects/130728"
      },
      {
        "selfUrl": "https://www.smir.ch/api/objects/130733"
      },
      {
        "selfUrl": "https://www.smir.ch/api/objects/130740"
      },
      {
        "selfUrl": "https://www.smir.ch/api/objects/131115"
      },
      {
        "selfUrl": "https://www.smir.ch/api/objects/131971"
      },
      {
        "selfUrl": "https://www.smir.ch/api/objects/132051"
      },
      {
        "selfUrl": "https://www.smir.ch/api/objects/132358"
      },
      {
        "selfUrl": "https://www.smir.ch/api/objects/132513"
      },
      {
        "selfUrl": "https://www.smir.ch/api/objects/132622"
      },
      {
        "selfUrl": "https://www.smir.ch/api/objects/132758"
      },
      {
        "selfUrl": "https://www.smir.ch/api/objects/133044"
      },
      {
        "selfUrl": "https://www.smir.ch/api/objects/135113"
      },
      {
        "selfUrl": "https://www.smir.ch/api/objects/135211"
      },
      {
        "selfUrl": "https://www.smir.ch/api/objects/135344"
      },
      {
        "selfUrl": "https://www.smir.ch/api/objects/135349"
      },
      {
        "selfUrl": "https://www.smir.ch/api/objects/135377"
      },
      {
        "selfUrl": "https://www.smir.ch/api/objects/135383"
      },
      {
        "selfUrl": "https://www.smir.ch/api/objects/135493"
      },
      {
        "selfUrl": "https://www.smir.ch/api/objects/135652"
      },
      {
        "selfUrl": "https://www.smir.ch/api/objects/135855"
      },
      {
        "selfUrl": "https://www.smir.ch/api/objects/135904"
      }
    ],
    "nextPageUrl": "https://www.smir.ch/api/objects/54217/objects?rpp=25&page=1"
  },
  "linkedObjectRelations": {
    "totalCount": 1222,
    "pagination": {
      "rpp": 25,
      "page": 0
    },
    "items": [
      {
        "selfUrl": "https://www.smir.ch/api/object-links/262571"
      },
      {
        "selfUrl": "https://www.smir.ch/api/object-links/380683"
      },
      {
        "selfUrl": "https://www.smir.ch/api/object-links/446161"
      },
      {
        "selfUrl": "https://www.smir.ch/api/object-links/543237"
      },
      {
        "selfUrl": "https://www.smir.ch/api/object-links/543262"
      },
      {
        "selfUrl": "https://www.smir.ch/api/object-links/543287"
      },
      {
        "selfUrl": "https://www.smir.ch/api/object-links/543322"
      },
      {
        "selfUrl": "https://www.smir.ch/api/object-links/545197"
      },
      {
        "selfUrl": "https://www.smir.ch/api/object-links/549458"
      },
      {
        "selfUrl": "https://www.smir.ch/api/object-links/549858"
      },
      {
        "selfUrl": "https://www.smir.ch/api/object-links/551382"
      },
      {
        "selfUrl": "https://www.smir.ch/api/object-links/552130"
      },
      {
        "selfUrl": "https://www.smir.ch/api/object-links/552675"
      },
      {
        "selfUrl": "https://www.smir.ch/api/object-links/553251"
      },
      {
        "selfUrl": "https://www.smir.ch/api/object-links/554315"
      },
      {
        "selfUrl": "https://www.smir.ch/api/object-links/567482"
      },
      {
        "selfUrl": "https://www.smir.ch/api/object-links/568248"
      },
      {
        "selfUrl": "https://www.smir.ch/api/object-links/568913"
      },
      {
        "selfUrl": "https://www.smir.ch/api/object-links/568938"
      },
      {
        "selfUrl": "https://www.smir.ch/api/object-links/569078"
      },
      {
        "selfUrl": "https://www.smir.ch/api/object-links/569108"
      },
      {
        "selfUrl": "https://www.smir.ch/api/object-links/569658"
      },
      {
        "selfUrl": "https://www.smir.ch/api/object-links/570453"
      },
      {
        "selfUrl": "https://www.smir.ch/api/object-links/571588"
      },
      {
        "selfUrl": "https://www.smir.ch/api/object-links/571923"
      }
    ],
    "nextPageUrl": "https://www.smir.ch/api/objects/54217/object-links?rpp=25&page=1"
  },
  "ontologyItems": {
    "totalCount": 1,
    "pagination": {
      "rpp": 25,
      "page": 0
    },
    "items": [
      {
        "selfUrl": "https://www.smir.ch/api/ontologies/0/50801"
      }
    ],
    "nextPageUrl": null
  },
  "ontologyItemRelations": {
    "totalCount": 1,
    "pagination": {
      "rpp": 25,
      "page": 0
    },
    "items": [
      {
        "selfUrl": "https://www.smir.ch/api/object-ontologies/69240"
      }
    ],
    "nextPageUrl": null
  },
  "objectPreviews": [
    {
      "selfUrl": "https://www.smir.ch/api/objects/54217/previews/0"
    },
    {
      "selfUrl": "https://www.smir.ch/api/objects/54217/previews/1"
    },
    {
      "selfUrl": "https://www.smir.ch/api/objects/54217/previews/2"
    },
    {
      "selfUrl": "https://www.smir.ch/api/objects/54217/previews/3"
    },
    {
      "selfUrl": "https://www.smir.ch/api/objects/54217/previews/4"
    },
    {
      "selfUrl": "https://www.smir.ch/api/objects/54217/previews/5"
    }
  ],
  "objectGroupRights": [
    {
      "selfUrl": "https://www.smir.ch/api/object-group-rights/47553"
    },
    {
      "selfUrl": "https://www.smir.ch/api/object-group-rights/47559"
    },
    {
      "selfUrl": "https://www.smir.ch/api/object-group-rights/47560"
    }
  ],
  "objectUserRights": null,
  "selfUrl": "https://www.smir.ch/api/objects/54217"
}