{
  "rawImage": {
    "sliceThickness": null,
    "spaceBetweenSlices": null,
    "kilovoltPeak": null,
    "modality": {
      "id": 25,
      "name": "MR_T1c",
      "description": "Magnetic Resonance T1c",
      "selfUrl": "https://www.smir.ch/api/modalities/25"
    }
  },
  "subjectSnapshot": {
    "ageInDays": null,
    "heightInMeters": null,
    "weightInKilograms": null,
    "gender": {
      "id": 1,
      "name": "O",
      "description": "Other",
      "selfUrl": "https://www.smir.ch/api/genders/1"
    },
    "dominance": {
      "id": 1,
      "name": "NS",
      "description": "Not Specified",
      "selfUrl": "https://www.smir.ch/api/dominances/1"
    }
  },
  "id": 54201,
  "createdDate": "2014-11-05T09:38:32.2230000Z",
  "name": "SMIR.Brain.XX.O.MR_T1c.54201.000.mha",
  "description": "BRATS 2014 Testing Data",
  "ontologyCount": 1,
  "type": {
    "name": "RawImage",
    "displayName": "Raw Image",
    "displayNameShort": "RAW",
    "selfUrl": "https://www.smir.ch/api/object_types/RawImage"
  },
  "downloadUrl": "https://www.smir.ch/api/objects/54201/download",
  "license": {
    "selfUrl": "https://www.smir.ch/api/licenses/1"
  },
  "owner": {
    "selfUrl": "https://www.smir.ch/api/users/86"
  },
  "files": {
    "totalCount": 1,
    "pagination": {
      "rpp": 25,
      "page": 0
    },
    "items": [
      {
        "selfUrl": "https://www.smir.ch/api/files/753900"
      }
    ],
    "nextPageUrl": null
  },
  "linkedObjects": {
    "totalCount": 1298,
    "pagination": {
      "rpp": 25,
      "page": 0
    },
    "items": [
      {
        "selfUrl": "https://www.smir.ch/api/objects/54204"
      },
      {
        "selfUrl": "https://www.smir.ch/api/objects/79157"
      },
      {
        "selfUrl": "https://www.smir.ch/api/objects/100215"
      },
      {
        "selfUrl": "https://www.smir.ch/api/objects/130718"
      },
      {
        "selfUrl": "https://www.smir.ch/api/objects/130720"
      },
      {
        "selfUrl": "https://www.smir.ch/api/objects/131152"
      },
      {
        "selfUrl": "https://www.smir.ch/api/objects/131154"
      },
      {
        "selfUrl": "https://www.smir.ch/api/objects/131158"
      },
      {
        "selfUrl": "https://www.smir.ch/api/objects/131159"
      },
      {
        "selfUrl": "https://www.smir.ch/api/objects/131987"
      },
      {
        "selfUrl": "https://www.smir.ch/api/objects/132326"
      },
      {
        "selfUrl": "https://www.smir.ch/api/objects/132511"
      },
      {
        "selfUrl": "https://www.smir.ch/api/objects/132620"
      },
      {
        "selfUrl": "https://www.smir.ch/api/objects/132756"
      },
      {
        "selfUrl": "https://www.smir.ch/api/objects/133040"
      },
      {
        "selfUrl": "https://www.smir.ch/api/objects/135210"
      },
      {
        "selfUrl": "https://www.smir.ch/api/objects/135348"
      },
      {
        "selfUrl": "https://www.smir.ch/api/objects/135378"
      },
      {
        "selfUrl": "https://www.smir.ch/api/objects/135385"
      },
      {
        "selfUrl": "https://www.smir.ch/api/objects/135494"
      },
      {
        "selfUrl": "https://www.smir.ch/api/objects/135653"
      },
      {
        "selfUrl": "https://www.smir.ch/api/objects/135906"
      },
      {
        "selfUrl": "https://www.smir.ch/api/objects/136158"
      },
      {
        "selfUrl": "https://www.smir.ch/api/objects/137081"
      },
      {
        "selfUrl": "https://www.smir.ch/api/objects/139408"
      }
    ],
    "nextPageUrl": "https://www.smir.ch/api/objects/54201/objects?rpp=25&page=1"
  },
  "linkedObjectRelations": {
    "totalCount": 1298,
    "pagination": {
      "rpp": 25,
      "page": 0
    },
    "items": [
      {
        "selfUrl": "https://www.smir.ch/api/object-links/262563"
      },
      {
        "selfUrl": "https://www.smir.ch/api/object-links/380669"
      },
      {
        "selfUrl": "https://www.smir.ch/api/object-links/446151"
      },
      {
        "selfUrl": "https://www.smir.ch/api/object-links/543212"
      },
      {
        "selfUrl": "https://www.smir.ch/api/object-links/543222"
      },
      {
        "selfUrl": "https://www.smir.ch/api/object-links/545379"
      },
      {
        "selfUrl": "https://www.smir.ch/api/object-links/545389"
      },
      {
        "selfUrl": "https://www.smir.ch/api/object-links/545409"
      },
      {
        "selfUrl": "https://www.smir.ch/api/object-links/545414"
      },
      {
        "selfUrl": "https://www.smir.ch/api/object-links/549538"
      },
      {
        "selfUrl": "https://www.smir.ch/api/object-links/551222"
      },
      {
        "selfUrl": "https://www.smir.ch/api/object-links/552120"
      },
      {
        "selfUrl": "https://www.smir.ch/api/object-links/552665"
      },
      {
        "selfUrl": "https://www.smir.ch/api/object-links/553241"
      },
      {
        "selfUrl": "https://www.smir.ch/api/object-links/554295"
      },
      {
        "selfUrl": "https://www.smir.ch/api/object-links/568243"
      },
      {
        "selfUrl": "https://www.smir.ch/api/object-links/568933"
      },
      {
        "selfUrl": "https://www.smir.ch/api/object-links/569083"
      },
      {
        "selfUrl": "https://www.smir.ch/api/object-links/569118"
      },
      {
        "selfUrl": "https://www.smir.ch/api/object-links/569663"
      },
      {
        "selfUrl": "https://www.smir.ch/api/object-links/570458"
      },
      {
        "selfUrl": "https://www.smir.ch/api/object-links/571933"
      },
      {
        "selfUrl": "https://www.smir.ch/api/object-links/573129"
      },
      {
        "selfUrl": "https://www.smir.ch/api/object-links/577782"
      },
      {
        "selfUrl": "https://www.smir.ch/api/object-links/589360"
      }
    ],
    "nextPageUrl": "https://www.smir.ch/api/objects/54201/object-links?rpp=25&page=1"
  },
  "ontologyItems": {
    "totalCount": 1,
    "pagination": {
      "rpp": 25,
      "page": 0
    },
    "items": [
      {
        "selfUrl": "https://www.smir.ch/api/ontologies/0/50801"
      }
    ],
    "nextPageUrl": null
  },
  "ontologyItemRelations": {
    "totalCount": 1,
    "pagination": {
      "rpp": 25,
      "page": 0
    },
    "items": [
      {
        "selfUrl": "https://www.smir.ch/api/object-ontologies/69228"
      }
    ],
    "nextPageUrl": null
  },
  "objectPreviews": [
    {
      "selfUrl": "https://www.smir.ch/api/objects/54201/previews/0"
    },
    {
      "selfUrl": "https://www.smir.ch/api/objects/54201/previews/1"
    },
    {
      "selfUrl": "https://www.smir.ch/api/objects/54201/previews/2"
    },
    {
      "selfUrl": "https://www.smir.ch/api/objects/54201/previews/3"
    },
    {
      "selfUrl": "https://www.smir.ch/api/objects/54201/previews/4"
    },
    {
      "selfUrl": "https://www.smir.ch/api/objects/54201/previews/5"
    }
  ],
  "objectGroupRights": [
    {
      "selfUrl": "https://www.smir.ch/api/object-group-rights/47523"
    },
    {
      "selfUrl": "https://www.smir.ch/api/object-group-rights/47531"
    },
    {
      "selfUrl": "https://www.smir.ch/api/object-group-rights/47532"
    }
  ],
  "objectUserRights": null,
  "selfUrl": "https://www.smir.ch/api/objects/54201"
}