{
  "rawImage": {
    "sliceThickness": null,
    "spaceBetweenSlices": null,
    "kilovoltPeak": null,
    "modality": {
      "id": 26,
      "name": "MR_T2",
      "description": "Magnetic Resonance T2",
      "selfUrl": "https://www.smir.ch/api/modalities/26"
    }
  },
  "subjectSnapshot": {
    "ageInDays": null,
    "heightInMeters": null,
    "weightInKilograms": null,
    "gender": {
      "id": 1,
      "name": "O",
      "description": "Other",
      "selfUrl": "https://www.smir.ch/api/genders/1"
    },
    "dominance": {
      "id": 1,
      "name": "NS",
      "description": "Not Specified",
      "selfUrl": "https://www.smir.ch/api/dominances/1"
    }
  },
  "id": 54208,
  "createdDate": "2014-11-05T09:52:39.6370000Z",
  "name": "SMIR.Brain.XX.O.MR_T2.54208.000.mha",
  "description": "BRATS 2014 Testing Data",
  "ontologyCount": 1,
  "type": {
    "name": "RawImage",
    "displayName": "Raw Image",
    "displayNameShort": "RAW",
    "selfUrl": "https://www.smir.ch/api/object_types/RawImage"
  },
  "downloadUrl": "https://www.smir.ch/api/objects/54208/download",
  "license": {
    "selfUrl": "https://www.smir.ch/api/licenses/1"
  },
  "owner": {
    "selfUrl": "https://www.smir.ch/api/users/86"
  },
  "files": {
    "totalCount": 1,
    "pagination": {
      "rpp": 25,
      "page": 0
    },
    "items": [
      {
        "selfUrl": "https://www.smir.ch/api/files/753906"
      }
    ],
    "nextPageUrl": null
  },
  "linkedObjects": {
    "totalCount": 1232,
    "pagination": {
      "rpp": 25,
      "page": 0
    },
    "items": [
      {
        "selfUrl": "https://www.smir.ch/api/objects/54210"
      },
      {
        "selfUrl": "https://www.smir.ch/api/objects/79157"
      },
      {
        "selfUrl": "https://www.smir.ch/api/objects/100216"
      },
      {
        "selfUrl": "https://www.smir.ch/api/objects/117686"
      },
      {
        "selfUrl": "https://www.smir.ch/api/objects/117694"
      },
      {
        "selfUrl": "https://www.smir.ch/api/objects/130726"
      },
      {
        "selfUrl": "https://www.smir.ch/api/objects/130727"
      },
      {
        "selfUrl": "https://www.smir.ch/api/objects/130736"
      },
      {
        "selfUrl": "https://www.smir.ch/api/objects/130739"
      },
      {
        "selfUrl": "https://www.smir.ch/api/objects/132000"
      },
      {
        "selfUrl": "https://www.smir.ch/api/objects/132050"
      },
      {
        "selfUrl": "https://www.smir.ch/api/objects/132306"
      },
      {
        "selfUrl": "https://www.smir.ch/api/objects/132510"
      },
      {
        "selfUrl": "https://www.smir.ch/api/objects/132628"
      },
      {
        "selfUrl": "https://www.smir.ch/api/objects/132757"
      },
      {
        "selfUrl": "https://www.smir.ch/api/objects/133041"
      },
      {
        "selfUrl": "https://www.smir.ch/api/objects/135209"
      },
      {
        "selfUrl": "https://www.smir.ch/api/objects/135346"
      },
      {
        "selfUrl": "https://www.smir.ch/api/objects/135376"
      },
      {
        "selfUrl": "https://www.smir.ch/api/objects/135386"
      },
      {
        "selfUrl": "https://www.smir.ch/api/objects/135497"
      },
      {
        "selfUrl": "https://www.smir.ch/api/objects/135654"
      },
      {
        "selfUrl": "https://www.smir.ch/api/objects/135905"
      },
      {
        "selfUrl": "https://www.smir.ch/api/objects/136159"
      },
      {
        "selfUrl": "https://www.smir.ch/api/objects/137089"
      }
    ],
    "nextPageUrl": "https://www.smir.ch/api/objects/54208/objects?rpp=25&page=1"
  },
  "linkedObjectRelations": {
    "totalCount": 1232,
    "pagination": {
      "rpp": 25,
      "page": 0
    },
    "items": [
      {
        "selfUrl": "https://www.smir.ch/api/object-links/262568"
      },
      {
        "selfUrl": "https://www.smir.ch/api/object-links/380675"
      },
      {
        "selfUrl": "https://www.smir.ch/api/object-links/446157"
      },
      {
        "selfUrl": "https://www.smir.ch/api/object-links/505095"
      },
      {
        "selfUrl": "https://www.smir.ch/api/object-links/505111"
      },
      {
        "selfUrl": "https://www.smir.ch/api/object-links/543253"
      },
      {
        "selfUrl": "https://www.smir.ch/api/object-links/543258"
      },
      {
        "selfUrl": "https://www.smir.ch/api/object-links/543303"
      },
      {
        "selfUrl": "https://www.smir.ch/api/object-links/543318"
      },
      {
        "selfUrl": "https://www.smir.ch/api/object-links/549604"
      },
      {
        "selfUrl": "https://www.smir.ch/api/object-links/549854"
      },
      {
        "selfUrl": "https://www.smir.ch/api/object-links/551123"
      },
      {
        "selfUrl": "https://www.smir.ch/api/object-links/552116"
      },
      {
        "selfUrl": "https://www.smir.ch/api/object-links/552706"
      },
      {
        "selfUrl": "https://www.smir.ch/api/object-links/553247"
      },
      {
        "selfUrl": "https://www.smir.ch/api/object-links/554301"
      },
      {
        "selfUrl": "https://www.smir.ch/api/object-links/568239"
      },
      {
        "selfUrl": "https://www.smir.ch/api/object-links/568924"
      },
      {
        "selfUrl": "https://www.smir.ch/api/object-links/569074"
      },
      {
        "selfUrl": "https://www.smir.ch/api/object-links/569124"
      },
      {
        "selfUrl": "https://www.smir.ch/api/object-links/569679"
      },
      {
        "selfUrl": "https://www.smir.ch/api/object-links/570464"
      },
      {
        "selfUrl": "https://www.smir.ch/api/object-links/571929"
      },
      {
        "selfUrl": "https://www.smir.ch/api/object-links/573135"
      },
      {
        "selfUrl": "https://www.smir.ch/api/object-links/577823"
      }
    ],
    "nextPageUrl": "https://www.smir.ch/api/objects/54208/object-links?rpp=25&page=1"
  },
  "ontologyItems": {
    "totalCount": 1,
    "pagination": {
      "rpp": 25,
      "page": 0
    },
    "items": [
      {
        "selfUrl": "https://www.smir.ch/api/ontologies/0/50801"
      }
    ],
    "nextPageUrl": null
  },
  "ontologyItemRelations": {
    "totalCount": 1,
    "pagination": {
      "rpp": 25,
      "page": 0
    },
    "items": [
      {
        "selfUrl": "https://www.smir.ch/api/object-ontologies/69233"
      }
    ],
    "nextPageUrl": null
  },
  "objectPreviews": [
    {
      "selfUrl": "https://www.smir.ch/api/objects/54208/previews/0"
    },
    {
      "selfUrl": "https://www.smir.ch/api/objects/54208/previews/1"
    },
    {
      "selfUrl": "https://www.smir.ch/api/objects/54208/previews/2"
    },
    {
      "selfUrl": "https://www.smir.ch/api/objects/54208/previews/3"
    },
    {
      "selfUrl": "https://www.smir.ch/api/objects/54208/previews/4"
    },
    {
      "selfUrl": "https://www.smir.ch/api/objects/54208/previews/5"
    }
  ],
  "objectGroupRights": [
    {
      "selfUrl": "https://www.smir.ch/api/object-group-rights/47537"
    },
    {
      "selfUrl": "https://www.smir.ch/api/object-group-rights/47544"
    },
    {
      "selfUrl": "https://www.smir.ch/api/object-group-rights/47545"
    }
  ],
  "objectUserRights": null,
  "selfUrl": "https://www.smir.ch/api/objects/54208"
}