{
  "rawImage": {
    "sliceThickness": null,
    "spaceBetweenSlices": null,
    "kilovoltPeak": null,
    "modality": {
      "id": 23,
      "name": "MR_Flair",
      "description": "Magnetic Resonance Flair",
      "selfUrl": "https://www.smir.ch/api/modalities/23"
    }
  },
  "subjectSnapshot": {
    "ageInDays": null,
    "heightInMeters": null,
    "weightInKilograms": null,
    "gender": {
      "id": 1,
      "name": "O",
      "description": "Other",
      "selfUrl": "https://www.smir.ch/api/genders/1"
    },
    "dominance": {
      "id": 1,
      "name": "NS",
      "description": "Not Specified",
      "selfUrl": "https://www.smir.ch/api/dominances/1"
    }
  },
  "id": 54199,
  "createdDate": "2014-11-05T09:38:19.4600000Z",
  "name": "SMIR.Brain.XX.O.MR_Flair.54199.000.mha",
  "description": "BRATS 2014 Testing Data",
  "ontologyCount": 1,
  "type": {
    "name": "RawImage",
    "displayName": "Raw Image",
    "displayNameShort": "RAW",
    "selfUrl": "https://www.smir.ch/api/object_types/RawImage"
  },
  "downloadUrl": "https://www.smir.ch/api/objects/54199/download",
  "license": {
    "selfUrl": "https://www.smir.ch/api/licenses/1"
  },
  "owner": {
    "selfUrl": "https://www.smir.ch/api/users/86"
  },
  "files": {
    "totalCount": 1,
    "pagination": {
      "rpp": 25,
      "page": 0
    },
    "items": [
      {
        "selfUrl": "https://www.smir.ch/api/files/753898"
      }
    ],
    "nextPageUrl": null
  },
  "linkedObjects": {
    "totalCount": 1351,
    "pagination": {
      "rpp": 25,
      "page": 0
    },
    "items": [
      {
        "selfUrl": "https://www.smir.ch/api/objects/54204"
      },
      {
        "selfUrl": "https://www.smir.ch/api/objects/79157"
      },
      {
        "selfUrl": "https://www.smir.ch/api/objects/93532"
      },
      {
        "selfUrl": "https://www.smir.ch/api/objects/94581"
      },
      {
        "selfUrl": "https://www.smir.ch/api/objects/94884"
      },
      {
        "selfUrl": "https://www.smir.ch/api/objects/95091"
      },
      {
        "selfUrl": "https://www.smir.ch/api/objects/96348"
      },
      {
        "selfUrl": "https://www.smir.ch/api/objects/97175"
      },
      {
        "selfUrl": "https://www.smir.ch/api/objects/97289"
      },
      {
        "selfUrl": "https://www.smir.ch/api/objects/97342"
      },
      {
        "selfUrl": "https://www.smir.ch/api/objects/97450"
      },
      {
        "selfUrl": "https://www.smir.ch/api/objects/97592"
      },
      {
        "selfUrl": "https://www.smir.ch/api/objects/97611"
      },
      {
        "selfUrl": "https://www.smir.ch/api/objects/97706"
      },
      {
        "selfUrl": "https://www.smir.ch/api/objects/97828"
      },
      {
        "selfUrl": "https://www.smir.ch/api/objects/97899"
      },
      {
        "selfUrl": "https://www.smir.ch/api/objects/97951"
      },
      {
        "selfUrl": "https://www.smir.ch/api/objects/98019"
      },
      {
        "selfUrl": "https://www.smir.ch/api/objects/98033"
      },
      {
        "selfUrl": "https://www.smir.ch/api/objects/98076"
      },
      {
        "selfUrl": "https://www.smir.ch/api/objects/98078"
      },
      {
        "selfUrl": "https://www.smir.ch/api/objects/98184"
      },
      {
        "selfUrl": "https://www.smir.ch/api/objects/98907"
      },
      {
        "selfUrl": "https://www.smir.ch/api/objects/99005"
      },
      {
        "selfUrl": "https://www.smir.ch/api/objects/99057"
      }
    ],
    "nextPageUrl": "https://www.smir.ch/api/objects/54199/objects?rpp=25&page=1"
  },
  "linkedObjectRelations": {
    "totalCount": 1351,
    "pagination": {
      "rpp": 25,
      "page": 0
    },
    "items": [
      {
        "selfUrl": "https://www.smir.ch/api/object-links/262561"
      },
      {
        "selfUrl": "https://www.smir.ch/api/object-links/380667"
      },
      {
        "selfUrl": "https://www.smir.ch/api/object-links/430827"
      },
      {
        "selfUrl": "https://www.smir.ch/api/object-links/433599"
      },
      {
        "selfUrl": "https://www.smir.ch/api/object-links/434416"
      },
      {
        "selfUrl": "https://www.smir.ch/api/object-links/434771"
      },
      {
        "selfUrl": "https://www.smir.ch/api/object-links/436925"
      },
      {
        "selfUrl": "https://www.smir.ch/api/object-links/438417"
      },
      {
        "selfUrl": "https://www.smir.ch/api/object-links/438618"
      },
      {
        "selfUrl": "https://www.smir.ch/api/object-links/438727"
      },
      {
        "selfUrl": "https://www.smir.ch/api/object-links/438956"
      },
      {
        "selfUrl": "https://www.smir.ch/api/object-links/439312"
      },
      {
        "selfUrl": "https://www.smir.ch/api/object-links/439350"
      },
      {
        "selfUrl": "https://www.smir.ch/api/object-links/439538"
      },
      {
        "selfUrl": "https://www.smir.ch/api/object-links/439799"
      },
      {
        "selfUrl": "https://www.smir.ch/api/object-links/439944"
      },
      {
        "selfUrl": "https://www.smir.ch/api/object-links/440048"
      },
      {
        "selfUrl": "https://www.smir.ch/api/object-links/440190"
      },
      {
        "selfUrl": "https://www.smir.ch/api/object-links/440218"
      },
      {
        "selfUrl": "https://www.smir.ch/api/object-links/440307"
      },
      {
        "selfUrl": "https://www.smir.ch/api/object-links/440311"
      },
      {
        "selfUrl": "https://www.smir.ch/api/object-links/440529"
      },
      {
        "selfUrl": "https://www.smir.ch/api/object-links/441969"
      },
      {
        "selfUrl": "https://www.smir.ch/api/object-links/442167"
      },
      {
        "selfUrl": "https://www.smir.ch/api/object-links/442274"
      }
    ],
    "nextPageUrl": "https://www.smir.ch/api/objects/54199/object-links?rpp=25&page=1"
  },
  "ontologyItems": {
    "totalCount": 1,
    "pagination": {
      "rpp": 25,
      "page": 0
    },
    "items": [
      {
        "selfUrl": "https://www.smir.ch/api/ontologies/0/50801"
      }
    ],
    "nextPageUrl": null
  },
  "ontologyItemRelations": {
    "totalCount": 1,
    "pagination": {
      "rpp": 25,
      "page": 0
    },
    "items": [
      {
        "selfUrl": "https://www.smir.ch/api/object-ontologies/69230"
      }
    ],
    "nextPageUrl": null
  },
  "objectPreviews": [
    {
      "selfUrl": "https://www.smir.ch/api/objects/54199/previews/0"
    },
    {
      "selfUrl": "https://www.smir.ch/api/objects/54199/previews/1"
    },
    {
      "selfUrl": "https://www.smir.ch/api/objects/54199/previews/2"
    },
    {
      "selfUrl": "https://www.smir.ch/api/objects/54199/previews/3"
    },
    {
      "selfUrl": "https://www.smir.ch/api/objects/54199/previews/4"
    },
    {
      "selfUrl": "https://www.smir.ch/api/objects/54199/previews/5"
    }
  ],
  "objectGroupRights": [
    {
      "selfUrl": "https://www.smir.ch/api/object-group-rights/47525"
    },
    {
      "selfUrl": "https://www.smir.ch/api/object-group-rights/47535"
    },
    {
      "selfUrl": "https://www.smir.ch/api/object-group-rights/47536"
    }
  ],
  "objectUserRights": null,
  "selfUrl": "https://www.smir.ch/api/objects/54199"
}