{
  "rawImage": {
    "sliceThickness": null,
    "spaceBetweenSlices": null,
    "kilovoltPeak": null,
    "modality": {
      "id": 24,
      "name": "MR_T1",
      "description": "Magnetic Resonance T1",
      "selfUrl": "https://www.smir.ch/api/modalities/24"
    }
  },
  "subjectSnapshot": {
    "ageInDays": null,
    "heightInMeters": null,
    "weightInKilograms": null,
    "gender": {
      "id": 1,
      "name": "O",
      "description": "Other",
      "selfUrl": "https://www.smir.ch/api/genders/1"
    },
    "dominance": {
      "id": 1,
      "name": "NS",
      "description": "Not Specified",
      "selfUrl": "https://www.smir.ch/api/dominances/1"
    }
  },
  "id": 54194,
  "createdDate": "2014-11-05T09:17:30.5530000Z",
  "name": "SMIR.Brain.XX.O.MR_T1.54194.000.mha",
  "description": "BRATS 2014 Testing Data",
  "ontologyCount": 1,
  "type": {
    "name": "RawImage",
    "displayName": "Raw Image",
    "displayNameShort": "RAW",
    "selfUrl": "https://www.smir.ch/api/object_types/RawImage"
  },
  "downloadUrl": "https://www.smir.ch/api/objects/54194/download",
  "license": {
    "selfUrl": "https://www.smir.ch/api/licenses/1"
  },
  "owner": {
    "selfUrl": "https://www.smir.ch/api/users/86"
  },
  "files": {
    "totalCount": 1,
    "pagination": {
      "rpp": 25,
      "page": 0
    },
    "items": [
      {
        "selfUrl": "https://www.smir.ch/api/files/753894"
      }
    ],
    "nextPageUrl": null
  },
  "linkedObjects": {
    "totalCount": 1339,
    "pagination": {
      "rpp": 25,
      "page": 0
    },
    "items": [
      {
        "selfUrl": "https://www.smir.ch/api/objects/54198"
      },
      {
        "selfUrl": "https://www.smir.ch/api/objects/79157"
      },
      {
        "selfUrl": "https://www.smir.ch/api/objects/100214"
      },
      {
        "selfUrl": "https://www.smir.ch/api/objects/130717"
      },
      {
        "selfUrl": "https://www.smir.ch/api/objects/130719"
      },
      {
        "selfUrl": "https://www.smir.ch/api/objects/131151"
      },
      {
        "selfUrl": "https://www.smir.ch/api/objects/131155"
      },
      {
        "selfUrl": "https://www.smir.ch/api/objects/131156"
      },
      {
        "selfUrl": "https://www.smir.ch/api/objects/131157"
      },
      {
        "selfUrl": "https://www.smir.ch/api/objects/131989"
      },
      {
        "selfUrl": "https://www.smir.ch/api/objects/132049"
      },
      {
        "selfUrl": "https://www.smir.ch/api/objects/132316"
      },
      {
        "selfUrl": "https://www.smir.ch/api/objects/132432"
      },
      {
        "selfUrl": "https://www.smir.ch/api/objects/132512"
      },
      {
        "selfUrl": "https://www.smir.ch/api/objects/132619"
      },
      {
        "selfUrl": "https://www.smir.ch/api/objects/132755"
      },
      {
        "selfUrl": "https://www.smir.ch/api/objects/133039"
      },
      {
        "selfUrl": "https://www.smir.ch/api/objects/135212"
      },
      {
        "selfUrl": "https://www.smir.ch/api/objects/135347"
      },
      {
        "selfUrl": "https://www.smir.ch/api/objects/135379"
      },
      {
        "selfUrl": "https://www.smir.ch/api/objects/135384"
      },
      {
        "selfUrl": "https://www.smir.ch/api/objects/135495"
      },
      {
        "selfUrl": "https://www.smir.ch/api/objects/135651"
      },
      {
        "selfUrl": "https://www.smir.ch/api/objects/135902"
      },
      {
        "selfUrl": "https://www.smir.ch/api/objects/136157"
      }
    ],
    "nextPageUrl": "https://www.smir.ch/api/objects/54194/objects?rpp=25&page=1"
  },
  "linkedObjectRelations": {
    "totalCount": 1339,
    "pagination": {
      "rpp": 25,
      "page": 0
    },
    "items": [
      {
        "selfUrl": "https://www.smir.ch/api/object-links/262558"
      },
      {
        "selfUrl": "https://www.smir.ch/api/object-links/380663"
      },
      {
        "selfUrl": "https://www.smir.ch/api/object-links/446145"
      },
      {
        "selfUrl": "https://www.smir.ch/api/object-links/543206"
      },
      {
        "selfUrl": "https://www.smir.ch/api/object-links/543216"
      },
      {
        "selfUrl": "https://www.smir.ch/api/object-links/545373"
      },
      {
        "selfUrl": "https://www.smir.ch/api/object-links/545393"
      },
      {
        "selfUrl": "https://www.smir.ch/api/object-links/545398"
      },
      {
        "selfUrl": "https://www.smir.ch/api/object-links/545403"
      },
      {
        "selfUrl": "https://www.smir.ch/api/object-links/549547"
      },
      {
        "selfUrl": "https://www.smir.ch/api/object-links/549847"
      },
      {
        "selfUrl": "https://www.smir.ch/api/object-links/551171"
      },
      {
        "selfUrl": "https://www.smir.ch/api/object-links/551683"
      },
      {
        "selfUrl": "https://www.smir.ch/api/object-links/552124"
      },
      {
        "selfUrl": "https://www.smir.ch/api/object-links/552659"
      },
      {
        "selfUrl": "https://www.smir.ch/api/object-links/553235"
      },
      {
        "selfUrl": "https://www.smir.ch/api/object-links/554289"
      },
      {
        "selfUrl": "https://www.smir.ch/api/object-links/568252"
      },
      {
        "selfUrl": "https://www.smir.ch/api/object-links/568927"
      },
      {
        "selfUrl": "https://www.smir.ch/api/object-links/569087"
      },
      {
        "selfUrl": "https://www.smir.ch/api/object-links/569112"
      },
      {
        "selfUrl": "https://www.smir.ch/api/object-links/569667"
      },
      {
        "selfUrl": "https://www.smir.ch/api/object-links/570447"
      },
      {
        "selfUrl": "https://www.smir.ch/api/object-links/571912"
      },
      {
        "selfUrl": "https://www.smir.ch/api/object-links/573123"
      }
    ],
    "nextPageUrl": "https://www.smir.ch/api/objects/54194/object-links?rpp=25&page=1"
  },
  "ontologyItems": {
    "totalCount": 1,
    "pagination": {
      "rpp": 25,
      "page": 0
    },
    "items": [
      {
        "selfUrl": "https://www.smir.ch/api/ontologies/0/50801"
      }
    ],
    "nextPageUrl": null
  },
  "ontologyItemRelations": {
    "totalCount": 1,
    "pagination": {
      "rpp": 25,
      "page": 0
    },
    "items": [
      {
        "selfUrl": "https://www.smir.ch/api/object-ontologies/69222"
      }
    ],
    "nextPageUrl": null
  },
  "objectPreviews": [
    {
      "selfUrl": "https://www.smir.ch/api/objects/54194/previews/0"
    },
    {
      "selfUrl": "https://www.smir.ch/api/objects/54194/previews/1"
    },
    {
      "selfUrl": "https://www.smir.ch/api/objects/54194/previews/2"
    },
    {
      "selfUrl": "https://www.smir.ch/api/objects/54194/previews/3"
    },
    {
      "selfUrl": "https://www.smir.ch/api/objects/54194/previews/4"
    },
    {
      "selfUrl": "https://www.smir.ch/api/objects/54194/previews/5"
    }
  ],
  "objectGroupRights": [
    {
      "selfUrl": "https://www.smir.ch/api/object-group-rights/47509"
    },
    {
      "selfUrl": "https://www.smir.ch/api/object-group-rights/47516"
    },
    {
      "selfUrl": "https://www.smir.ch/api/object-group-rights/47517"
    }
  ],
  "objectUserRights": null,
  "selfUrl": "https://www.smir.ch/api/objects/54194"
}