{
  "rawImage": {
    "sliceThickness": null,
    "spaceBetweenSlices": null,
    "kilovoltPeak": null,
    "modality": {
      "id": 25,
      "name": "MR_T1c",
      "description": "Magnetic Resonance T1c",
      "selfUrl": "https://www.smir.ch/api/modalities/25"
    }
  },
  "subjectSnapshot": {
    "ageInDays": null,
    "heightInMeters": null,
    "weightInKilograms": null,
    "gender": {
      "id": 1,
      "name": "O",
      "description": "Other",
      "selfUrl": "https://www.smir.ch/api/genders/1"
    },
    "dominance": {
      "id": 1,
      "name": "NS",
      "description": "Not Specified",
      "selfUrl": "https://www.smir.ch/api/dominances/1"
    }
  },
  "id": 54207,
  "createdDate": "2014-11-05T09:52:33.2930000Z",
  "name": "SMIR.Brain.XX.O.MR_T1c.54207.000.mha",
  "description": "BRATS 2014 Testing Data",
  "ontologyCount": 1,
  "type": {
    "name": "RawImage",
    "displayName": "Raw Image",
    "displayNameShort": "RAW",
    "selfUrl": "https://www.smir.ch/api/object_types/RawImage"
  },
  "downloadUrl": "https://www.smir.ch/api/objects/54207/download",
  "license": {
    "selfUrl": "https://www.smir.ch/api/licenses/1"
  },
  "owner": {
    "selfUrl": "https://www.smir.ch/api/users/86"
  },
  "files": {
    "totalCount": 1,
    "pagination": {
      "rpp": 25,
      "page": 0
    },
    "items": [
      {
        "selfUrl": "https://www.smir.ch/api/files/753905"
      }
    ],
    "nextPageUrl": null
  },
  "linkedObjects": {
    "totalCount": 1230,
    "pagination": {
      "rpp": 25,
      "page": 0
    },
    "items": [
      {
        "selfUrl": "https://www.smir.ch/api/objects/54210"
      },
      {
        "selfUrl": "https://www.smir.ch/api/objects/79157"
      },
      {
        "selfUrl": "https://www.smir.ch/api/objects/100216"
      },
      {
        "selfUrl": "https://www.smir.ch/api/objects/130726"
      },
      {
        "selfUrl": "https://www.smir.ch/api/objects/130727"
      },
      {
        "selfUrl": "https://www.smir.ch/api/objects/130736"
      },
      {
        "selfUrl": "https://www.smir.ch/api/objects/130739"
      },
      {
        "selfUrl": "https://www.smir.ch/api/objects/132000"
      },
      {
        "selfUrl": "https://www.smir.ch/api/objects/132050"
      },
      {
        "selfUrl": "https://www.smir.ch/api/objects/132306"
      },
      {
        "selfUrl": "https://www.smir.ch/api/objects/132510"
      },
      {
        "selfUrl": "https://www.smir.ch/api/objects/132628"
      },
      {
        "selfUrl": "https://www.smir.ch/api/objects/132757"
      },
      {
        "selfUrl": "https://www.smir.ch/api/objects/133041"
      },
      {
        "selfUrl": "https://www.smir.ch/api/objects/135209"
      },
      {
        "selfUrl": "https://www.smir.ch/api/objects/135346"
      },
      {
        "selfUrl": "https://www.smir.ch/api/objects/135376"
      },
      {
        "selfUrl": "https://www.smir.ch/api/objects/135386"
      },
      {
        "selfUrl": "https://www.smir.ch/api/objects/135497"
      },
      {
        "selfUrl": "https://www.smir.ch/api/objects/135654"
      },
      {
        "selfUrl": "https://www.smir.ch/api/objects/135905"
      },
      {
        "selfUrl": "https://www.smir.ch/api/objects/136159"
      },
      {
        "selfUrl": "https://www.smir.ch/api/objects/137089"
      },
      {
        "selfUrl": "https://www.smir.ch/api/objects/139409"
      },
      {
        "selfUrl": "https://www.smir.ch/api/objects/140775"
      }
    ],
    "nextPageUrl": "https://www.smir.ch/api/objects/54207/objects?rpp=25&page=1"
  },
  "linkedObjectRelations": {
    "totalCount": 1230,
    "pagination": {
      "rpp": 25,
      "page": 0
    },
    "items": [
      {
        "selfUrl": "https://www.smir.ch/api/object-links/262567"
      },
      {
        "selfUrl": "https://www.smir.ch/api/object-links/380674"
      },
      {
        "selfUrl": "https://www.smir.ch/api/object-links/446156"
      },
      {
        "selfUrl": "https://www.smir.ch/api/object-links/543252"
      },
      {
        "selfUrl": "https://www.smir.ch/api/object-links/543257"
      },
      {
        "selfUrl": "https://www.smir.ch/api/object-links/543302"
      },
      {
        "selfUrl": "https://www.smir.ch/api/object-links/543317"
      },
      {
        "selfUrl": "https://www.smir.ch/api/object-links/549603"
      },
      {
        "selfUrl": "https://www.smir.ch/api/object-links/549853"
      },
      {
        "selfUrl": "https://www.smir.ch/api/object-links/551122"
      },
      {
        "selfUrl": "https://www.smir.ch/api/object-links/552115"
      },
      {
        "selfUrl": "https://www.smir.ch/api/object-links/552705"
      },
      {
        "selfUrl": "https://www.smir.ch/api/object-links/553246"
      },
      {
        "selfUrl": "https://www.smir.ch/api/object-links/554300"
      },
      {
        "selfUrl": "https://www.smir.ch/api/object-links/568238"
      },
      {
        "selfUrl": "https://www.smir.ch/api/object-links/568923"
      },
      {
        "selfUrl": "https://www.smir.ch/api/object-links/569073"
      },
      {
        "selfUrl": "https://www.smir.ch/api/object-links/569123"
      },
      {
        "selfUrl": "https://www.smir.ch/api/object-links/569678"
      },
      {
        "selfUrl": "https://www.smir.ch/api/object-links/570463"
      },
      {
        "selfUrl": "https://www.smir.ch/api/object-links/571928"
      },
      {
        "selfUrl": "https://www.smir.ch/api/object-links/573134"
      },
      {
        "selfUrl": "https://www.smir.ch/api/object-links/577822"
      },
      {
        "selfUrl": "https://www.smir.ch/api/object-links/589365"
      },
      {
        "selfUrl": "https://www.smir.ch/api/object-links/596786"
      }
    ],
    "nextPageUrl": "https://www.smir.ch/api/objects/54207/object-links?rpp=25&page=1"
  },
  "ontologyItems": {
    "totalCount": 1,
    "pagination": {
      "rpp": 25,
      "page": 0
    },
    "items": [
      {
        "selfUrl": "https://www.smir.ch/api/ontologies/0/50801"
      }
    ],
    "nextPageUrl": null
  },
  "ontologyItemRelations": {
    "totalCount": 1,
    "pagination": {
      "rpp": 25,
      "page": 0
    },
    "items": [
      {
        "selfUrl": "https://www.smir.ch/api/object-ontologies/69234"
      }
    ],
    "nextPageUrl": null
  },
  "objectPreviews": [
    {
      "selfUrl": "https://www.smir.ch/api/objects/54207/previews/0"
    },
    {
      "selfUrl": "https://www.smir.ch/api/objects/54207/previews/1"
    },
    {
      "selfUrl": "https://www.smir.ch/api/objects/54207/previews/2"
    },
    {
      "selfUrl": "https://www.smir.ch/api/objects/54207/previews/3"
    },
    {
      "selfUrl": "https://www.smir.ch/api/objects/54207/previews/4"
    },
    {
      "selfUrl": "https://www.smir.ch/api/objects/54207/previews/5"
    }
  ],
  "objectGroupRights": [
    {
      "selfUrl": "https://www.smir.ch/api/object-group-rights/47538"
    },
    {
      "selfUrl": "https://www.smir.ch/api/object-group-rights/47546"
    },
    {
      "selfUrl": "https://www.smir.ch/api/object-group-rights/47547"
    }
  ],
  "objectUserRights": null,
  "selfUrl": "https://www.smir.ch/api/objects/54207"
}