{
  "rawImage": {
    "sliceThickness": null,
    "spaceBetweenSlices": null,
    "kilovoltPeak": null,
    "modality": {
      "id": 23,
      "name": "MR_Flair",
      "description": "Magnetic Resonance Flair",
      "selfUrl": "https://www.smir.ch/api/modalities/23"
    }
  },
  "subjectSnapshot": {
    "ageInDays": null,
    "heightInMeters": null,
    "weightInKilograms": null,
    "gender": {
      "id": 1,
      "name": "O",
      "description": "Other",
      "selfUrl": "https://www.smir.ch/api/genders/1"
    },
    "dominance": {
      "id": 1,
      "name": "NS",
      "description": "Not Specified",
      "selfUrl": "https://www.smir.ch/api/dominances/1"
    }
  },
  "id": 54193,
  "createdDate": "2014-11-05T09:17:24.9000000Z",
  "name": "SMIR.Brain.XX.O.MR_Flair.54193.000.mha",
  "description": "BRATS 2014 Testing Data",
  "ontologyCount": 1,
  "type": {
    "name": "RawImage",
    "displayName": "Raw Image",
    "displayNameShort": "RAW",
    "selfUrl": "https://www.smir.ch/api/object_types/RawImage"
  },
  "downloadUrl": "https://www.smir.ch/api/objects/54193/download",
  "license": {
    "selfUrl": "https://www.smir.ch/api/licenses/1"
  },
  "owner": {
    "selfUrl": "https://www.smir.ch/api/users/86"
  },
  "files": {
    "totalCount": 1,
    "pagination": {
      "rpp": 25,
      "page": 0
    },
    "items": [
      {
        "selfUrl": "https://www.smir.ch/api/files/753893"
      }
    ],
    "nextPageUrl": null
  },
  "linkedObjects": {
    "totalCount": 1394,
    "pagination": {
      "rpp": 25,
      "page": 0
    },
    "items": [
      {
        "selfUrl": "https://www.smir.ch/api/objects/54198"
      },
      {
        "selfUrl": "https://www.smir.ch/api/objects/79157"
      },
      {
        "selfUrl": "https://www.smir.ch/api/objects/93529"
      },
      {
        "selfUrl": "https://www.smir.ch/api/objects/94580"
      },
      {
        "selfUrl": "https://www.smir.ch/api/objects/94872"
      },
      {
        "selfUrl": "https://www.smir.ch/api/objects/95086"
      },
      {
        "selfUrl": "https://www.smir.ch/api/objects/96327"
      },
      {
        "selfUrl": "https://www.smir.ch/api/objects/96349"
      },
      {
        "selfUrl": "https://www.smir.ch/api/objects/97213"
      },
      {
        "selfUrl": "https://www.smir.ch/api/objects/97288"
      },
      {
        "selfUrl": "https://www.smir.ch/api/objects/97341"
      },
      {
        "selfUrl": "https://www.smir.ch/api/objects/97449"
      },
      {
        "selfUrl": "https://www.smir.ch/api/objects/97591"
      },
      {
        "selfUrl": "https://www.smir.ch/api/objects/97606"
      },
      {
        "selfUrl": "https://www.smir.ch/api/objects/97705"
      },
      {
        "selfUrl": "https://www.smir.ch/api/objects/97824"
      },
      {
        "selfUrl": "https://www.smir.ch/api/objects/97898"
      },
      {
        "selfUrl": "https://www.smir.ch/api/objects/97934"
      },
      {
        "selfUrl": "https://www.smir.ch/api/objects/97996"
      },
      {
        "selfUrl": "https://www.smir.ch/api/objects/98029"
      },
      {
        "selfUrl": "https://www.smir.ch/api/objects/98082"
      },
      {
        "selfUrl": "https://www.smir.ch/api/objects/98132"
      },
      {
        "selfUrl": "https://www.smir.ch/api/objects/98906"
      },
      {
        "selfUrl": "https://www.smir.ch/api/objects/99004"
      },
      {
        "selfUrl": "https://www.smir.ch/api/objects/99056"
      }
    ],
    "nextPageUrl": "https://www.smir.ch/api/objects/54193/objects?rpp=25&page=1"
  },
  "linkedObjectRelations": {
    "totalCount": 1394,
    "pagination": {
      "rpp": 25,
      "page": 0
    },
    "items": [
      {
        "selfUrl": "https://www.smir.ch/api/object-links/262557"
      },
      {
        "selfUrl": "https://www.smir.ch/api/object-links/380662"
      },
      {
        "selfUrl": "https://www.smir.ch/api/object-links/430821"
      },
      {
        "selfUrl": "https://www.smir.ch/api/object-links/433597"
      },
      {
        "selfUrl": "https://www.smir.ch/api/object-links/434392"
      },
      {
        "selfUrl": "https://www.smir.ch/api/object-links/434761"
      },
      {
        "selfUrl": "https://www.smir.ch/api/object-links/436883"
      },
      {
        "selfUrl": "https://www.smir.ch/api/object-links/436927"
      },
      {
        "selfUrl": "https://www.smir.ch/api/object-links/438495"
      },
      {
        "selfUrl": "https://www.smir.ch/api/object-links/438616"
      },
      {
        "selfUrl": "https://www.smir.ch/api/object-links/438725"
      },
      {
        "selfUrl": "https://www.smir.ch/api/object-links/438954"
      },
      {
        "selfUrl": "https://www.smir.ch/api/object-links/439310"
      },
      {
        "selfUrl": "https://www.smir.ch/api/object-links/439340"
      },
      {
        "selfUrl": "https://www.smir.ch/api/object-links/439536"
      },
      {
        "selfUrl": "https://www.smir.ch/api/object-links/439791"
      },
      {
        "selfUrl": "https://www.smir.ch/api/object-links/439942"
      },
      {
        "selfUrl": "https://www.smir.ch/api/object-links/440014"
      },
      {
        "selfUrl": "https://www.smir.ch/api/object-links/440141"
      },
      {
        "selfUrl": "https://www.smir.ch/api/object-links/440210"
      },
      {
        "selfUrl": "https://www.smir.ch/api/object-links/440319"
      },
      {
        "selfUrl": "https://www.smir.ch/api/object-links/440422"
      },
      {
        "selfUrl": "https://www.smir.ch/api/object-links/441967"
      },
      {
        "selfUrl": "https://www.smir.ch/api/object-links/442165"
      },
      {
        "selfUrl": "https://www.smir.ch/api/object-links/442272"
      }
    ],
    "nextPageUrl": "https://www.smir.ch/api/objects/54193/object-links?rpp=25&page=1"
  },
  "ontologyItems": {
    "totalCount": 1,
    "pagination": {
      "rpp": 25,
      "page": 0
    },
    "items": [
      {
        "selfUrl": "https://www.smir.ch/api/ontologies/0/50801"
      }
    ],
    "nextPageUrl": null
  },
  "ontologyItemRelations": {
    "totalCount": 1,
    "pagination": {
      "rpp": 25,
      "page": 0
    },
    "items": [
      {
        "selfUrl": "https://www.smir.ch/api/object-ontologies/69223"
      }
    ],
    "nextPageUrl": null
  },
  "objectPreviews": [
    {
      "selfUrl": "https://www.smir.ch/api/objects/54193/previews/0"
    },
    {
      "selfUrl": "https://www.smir.ch/api/objects/54193/previews/1"
    },
    {
      "selfUrl": "https://www.smir.ch/api/objects/54193/previews/2"
    },
    {
      "selfUrl": "https://www.smir.ch/api/objects/54193/previews/3"
    },
    {
      "selfUrl": "https://www.smir.ch/api/objects/54193/previews/4"
    },
    {
      "selfUrl": "https://www.smir.ch/api/objects/54193/previews/5"
    }
  ],
  "objectGroupRights": [
    {
      "selfUrl": "https://www.smir.ch/api/object-group-rights/47510"
    },
    {
      "selfUrl": "https://www.smir.ch/api/object-group-rights/47518"
    },
    {
      "selfUrl": "https://www.smir.ch/api/object-group-rights/47519"
    }
  ],
  "objectUserRights": null,
  "selfUrl": "https://www.smir.ch/api/objects/54193"
}