{
  "rawImage": {
    "sliceThickness": null,
    "spaceBetweenSlices": null,
    "kilovoltPeak": null,
    "modality": {
      "id": 26,
      "name": "MR_T2",
      "description": "Magnetic Resonance T2",
      "selfUrl": "https://www.smir.ch/api/modalities/26"
    }
  },
  "subjectSnapshot": {
    "ageInDays": null,
    "heightInMeters": null,
    "weightInKilograms": null,
    "gender": {
      "id": 1,
      "name": "O",
      "description": "Other",
      "selfUrl": "https://www.smir.ch/api/genders/1"
    },
    "dominance": {
      "id": 1,
      "name": "NS",
      "description": "Not Specified",
      "selfUrl": "https://www.smir.ch/api/dominances/1"
    }
  },
  "id": 54202,
  "createdDate": "2014-11-05T09:38:38.8170000Z",
  "name": "SMIR.Brain.XX.O.MR_T2.54202.000.mha",
  "description": "BRATS 2014 Testing Data",
  "ontologyCount": 1,
  "type": {
    "name": "RawImage",
    "displayName": "Raw Image",
    "displayNameShort": "RAW",
    "selfUrl": "https://www.smir.ch/api/object_types/RawImage"
  },
  "downloadUrl": "https://www.smir.ch/api/objects/54202/download",
  "license": {
    "selfUrl": "https://www.smir.ch/api/licenses/1"
  },
  "owner": {
    "selfUrl": "https://www.smir.ch/api/users/86"
  },
  "files": {
    "totalCount": 1,
    "pagination": {
      "rpp": 25,
      "page": 0
    },
    "items": [
      {
        "selfUrl": "https://www.smir.ch/api/files/753901"
      }
    ],
    "nextPageUrl": null
  },
  "linkedObjects": {
    "totalCount": 1301,
    "pagination": {
      "rpp": 25,
      "page": 0
    },
    "items": [
      {
        "selfUrl": "https://www.smir.ch/api/objects/54204"
      },
      {
        "selfUrl": "https://www.smir.ch/api/objects/79157"
      },
      {
        "selfUrl": "https://www.smir.ch/api/objects/100215"
      },
      {
        "selfUrl": "https://www.smir.ch/api/objects/117688"
      },
      {
        "selfUrl": "https://www.smir.ch/api/objects/117693"
      },
      {
        "selfUrl": "https://www.smir.ch/api/objects/117807"
      },
      {
        "selfUrl": "https://www.smir.ch/api/objects/130718"
      },
      {
        "selfUrl": "https://www.smir.ch/api/objects/130720"
      },
      {
        "selfUrl": "https://www.smir.ch/api/objects/131152"
      },
      {
        "selfUrl": "https://www.smir.ch/api/objects/131154"
      },
      {
        "selfUrl": "https://www.smir.ch/api/objects/131158"
      },
      {
        "selfUrl": "https://www.smir.ch/api/objects/131159"
      },
      {
        "selfUrl": "https://www.smir.ch/api/objects/131987"
      },
      {
        "selfUrl": "https://www.smir.ch/api/objects/132326"
      },
      {
        "selfUrl": "https://www.smir.ch/api/objects/132511"
      },
      {
        "selfUrl": "https://www.smir.ch/api/objects/132620"
      },
      {
        "selfUrl": "https://www.smir.ch/api/objects/132756"
      },
      {
        "selfUrl": "https://www.smir.ch/api/objects/133040"
      },
      {
        "selfUrl": "https://www.smir.ch/api/objects/135210"
      },
      {
        "selfUrl": "https://www.smir.ch/api/objects/135348"
      },
      {
        "selfUrl": "https://www.smir.ch/api/objects/135378"
      },
      {
        "selfUrl": "https://www.smir.ch/api/objects/135385"
      },
      {
        "selfUrl": "https://www.smir.ch/api/objects/135494"
      },
      {
        "selfUrl": "https://www.smir.ch/api/objects/135653"
      },
      {
        "selfUrl": "https://www.smir.ch/api/objects/135906"
      }
    ],
    "nextPageUrl": "https://www.smir.ch/api/objects/54202/objects?rpp=25&page=1"
  },
  "linkedObjectRelations": {
    "totalCount": 1301,
    "pagination": {
      "rpp": 25,
      "page": 0
    },
    "items": [
      {
        "selfUrl": "https://www.smir.ch/api/object-links/262564"
      },
      {
        "selfUrl": "https://www.smir.ch/api/object-links/380670"
      },
      {
        "selfUrl": "https://www.smir.ch/api/object-links/446152"
      },
      {
        "selfUrl": "https://www.smir.ch/api/object-links/505099"
      },
      {
        "selfUrl": "https://www.smir.ch/api/object-links/505109"
      },
      {
        "selfUrl": "https://www.smir.ch/api/object-links/505340"
      },
      {
        "selfUrl": "https://www.smir.ch/api/object-links/543213"
      },
      {
        "selfUrl": "https://www.smir.ch/api/object-links/543223"
      },
      {
        "selfUrl": "https://www.smir.ch/api/object-links/545380"
      },
      {
        "selfUrl": "https://www.smir.ch/api/object-links/545390"
      },
      {
        "selfUrl": "https://www.smir.ch/api/object-links/545410"
      },
      {
        "selfUrl": "https://www.smir.ch/api/object-links/545415"
      },
      {
        "selfUrl": "https://www.smir.ch/api/object-links/549539"
      },
      {
        "selfUrl": "https://www.smir.ch/api/object-links/551223"
      },
      {
        "selfUrl": "https://www.smir.ch/api/object-links/552121"
      },
      {
        "selfUrl": "https://www.smir.ch/api/object-links/552666"
      },
      {
        "selfUrl": "https://www.smir.ch/api/object-links/553242"
      },
      {
        "selfUrl": "https://www.smir.ch/api/object-links/554296"
      },
      {
        "selfUrl": "https://www.smir.ch/api/object-links/568244"
      },
      {
        "selfUrl": "https://www.smir.ch/api/object-links/568934"
      },
      {
        "selfUrl": "https://www.smir.ch/api/object-links/569084"
      },
      {
        "selfUrl": "https://www.smir.ch/api/object-links/569119"
      },
      {
        "selfUrl": "https://www.smir.ch/api/object-links/569664"
      },
      {
        "selfUrl": "https://www.smir.ch/api/object-links/570459"
      },
      {
        "selfUrl": "https://www.smir.ch/api/object-links/571934"
      }
    ],
    "nextPageUrl": "https://www.smir.ch/api/objects/54202/object-links?rpp=25&page=1"
  },
  "ontologyItems": {
    "totalCount": 1,
    "pagination": {
      "rpp": 25,
      "page": 0
    },
    "items": [
      {
        "selfUrl": "https://www.smir.ch/api/ontologies/0/50801"
      }
    ],
    "nextPageUrl": null
  },
  "ontologyItemRelations": {
    "totalCount": 1,
    "pagination": {
      "rpp": 25,
      "page": 0
    },
    "items": [
      {
        "selfUrl": "https://www.smir.ch/api/object-ontologies/69227"
      }
    ],
    "nextPageUrl": null
  },
  "objectPreviews": [
    {
      "selfUrl": "https://www.smir.ch/api/objects/54202/previews/0"
    },
    {
      "selfUrl": "https://www.smir.ch/api/objects/54202/previews/1"
    },
    {
      "selfUrl": "https://www.smir.ch/api/objects/54202/previews/2"
    },
    {
      "selfUrl": "https://www.smir.ch/api/objects/54202/previews/3"
    },
    {
      "selfUrl": "https://www.smir.ch/api/objects/54202/previews/4"
    },
    {
      "selfUrl": "https://www.smir.ch/api/objects/54202/previews/5"
    }
  ],
  "objectGroupRights": [
    {
      "selfUrl": "https://www.smir.ch/api/object-group-rights/47522"
    },
    {
      "selfUrl": "https://www.smir.ch/api/object-group-rights/47529"
    },
    {
      "selfUrl": "https://www.smir.ch/api/object-group-rights/47530"
    }
  ],
  "objectUserRights": null,
  "selfUrl": "https://www.smir.ch/api/objects/54202"
}