{
  "rawImage": {
    "sliceThickness": null,
    "spaceBetweenSlices": null,
    "kilovoltPeak": null,
    "modality": {
      "id": 25,
      "name": "MR_T1c",
      "description": "Magnetic Resonance T1c",
      "selfUrl": "https://www.smir.ch/api/modalities/25"
    }
  },
  "subjectSnapshot": {
    "ageInDays": null,
    "heightInMeters": null,
    "weightInKilograms": null,
    "gender": {
      "id": 1,
      "name": "O",
      "description": "Other",
      "selfUrl": "https://www.smir.ch/api/genders/1"
    },
    "dominance": {
      "id": 1,
      "name": "NS",
      "description": "Not Specified",
      "selfUrl": "https://www.smir.ch/api/dominances/1"
    }
  },
  "id": 54195,
  "createdDate": "2014-11-05T09:17:37.1130000Z",
  "name": "SMIR.Brain.XX.O.MR_T1c.54195.000.mha",
  "description": "BRATS 2014 Testing Data",
  "ontologyCount": 1,
  "type": {
    "name": "RawImage",
    "displayName": "Raw Image",
    "displayNameShort": "RAW",
    "selfUrl": "https://www.smir.ch/api/object_types/RawImage"
  },
  "downloadUrl": "https://www.smir.ch/api/objects/54195/download",
  "license": {
    "selfUrl": "https://www.smir.ch/api/licenses/1"
  },
  "owner": {
    "selfUrl": "https://www.smir.ch/api/users/86"
  },
  "files": {
    "totalCount": 1,
    "pagination": {
      "rpp": 25,
      "page": 0
    },
    "items": [
      {
        "selfUrl": "https://www.smir.ch/api/files/753895"
      }
    ],
    "nextPageUrl": null
  },
  "linkedObjects": {
    "totalCount": 1339,
    "pagination": {
      "rpp": 25,
      "page": 0
    },
    "items": [
      {
        "selfUrl": "https://www.smir.ch/api/objects/54198"
      },
      {
        "selfUrl": "https://www.smir.ch/api/objects/79157"
      },
      {
        "selfUrl": "https://www.smir.ch/api/objects/100214"
      },
      {
        "selfUrl": "https://www.smir.ch/api/objects/130717"
      },
      {
        "selfUrl": "https://www.smir.ch/api/objects/130719"
      },
      {
        "selfUrl": "https://www.smir.ch/api/objects/131151"
      },
      {
        "selfUrl": "https://www.smir.ch/api/objects/131155"
      },
      {
        "selfUrl": "https://www.smir.ch/api/objects/131156"
      },
      {
        "selfUrl": "https://www.smir.ch/api/objects/131157"
      },
      {
        "selfUrl": "https://www.smir.ch/api/objects/131989"
      },
      {
        "selfUrl": "https://www.smir.ch/api/objects/132049"
      },
      {
        "selfUrl": "https://www.smir.ch/api/objects/132316"
      },
      {
        "selfUrl": "https://www.smir.ch/api/objects/132432"
      },
      {
        "selfUrl": "https://www.smir.ch/api/objects/132512"
      },
      {
        "selfUrl": "https://www.smir.ch/api/objects/132619"
      },
      {
        "selfUrl": "https://www.smir.ch/api/objects/132755"
      },
      {
        "selfUrl": "https://www.smir.ch/api/objects/133039"
      },
      {
        "selfUrl": "https://www.smir.ch/api/objects/135212"
      },
      {
        "selfUrl": "https://www.smir.ch/api/objects/135347"
      },
      {
        "selfUrl": "https://www.smir.ch/api/objects/135379"
      },
      {
        "selfUrl": "https://www.smir.ch/api/objects/135384"
      },
      {
        "selfUrl": "https://www.smir.ch/api/objects/135495"
      },
      {
        "selfUrl": "https://www.smir.ch/api/objects/135651"
      },
      {
        "selfUrl": "https://www.smir.ch/api/objects/135902"
      },
      {
        "selfUrl": "https://www.smir.ch/api/objects/136157"
      }
    ],
    "nextPageUrl": "https://www.smir.ch/api/objects/54195/objects?rpp=25&page=1"
  },
  "linkedObjectRelations": {
    "totalCount": 1339,
    "pagination": {
      "rpp": 25,
      "page": 0
    },
    "items": [
      {
        "selfUrl": "https://www.smir.ch/api/object-links/262559"
      },
      {
        "selfUrl": "https://www.smir.ch/api/object-links/380664"
      },
      {
        "selfUrl": "https://www.smir.ch/api/object-links/446146"
      },
      {
        "selfUrl": "https://www.smir.ch/api/object-links/543207"
      },
      {
        "selfUrl": "https://www.smir.ch/api/object-links/543217"
      },
      {
        "selfUrl": "https://www.smir.ch/api/object-links/545374"
      },
      {
        "selfUrl": "https://www.smir.ch/api/object-links/545394"
      },
      {
        "selfUrl": "https://www.smir.ch/api/object-links/545399"
      },
      {
        "selfUrl": "https://www.smir.ch/api/object-links/545404"
      },
      {
        "selfUrl": "https://www.smir.ch/api/object-links/549548"
      },
      {
        "selfUrl": "https://www.smir.ch/api/object-links/549848"
      },
      {
        "selfUrl": "https://www.smir.ch/api/object-links/551172"
      },
      {
        "selfUrl": "https://www.smir.ch/api/object-links/551684"
      },
      {
        "selfUrl": "https://www.smir.ch/api/object-links/552125"
      },
      {
        "selfUrl": "https://www.smir.ch/api/object-links/552660"
      },
      {
        "selfUrl": "https://www.smir.ch/api/object-links/553236"
      },
      {
        "selfUrl": "https://www.smir.ch/api/object-links/554290"
      },
      {
        "selfUrl": "https://www.smir.ch/api/object-links/568253"
      },
      {
        "selfUrl": "https://www.smir.ch/api/object-links/568928"
      },
      {
        "selfUrl": "https://www.smir.ch/api/object-links/569088"
      },
      {
        "selfUrl": "https://www.smir.ch/api/object-links/569113"
      },
      {
        "selfUrl": "https://www.smir.ch/api/object-links/569668"
      },
      {
        "selfUrl": "https://www.smir.ch/api/object-links/570448"
      },
      {
        "selfUrl": "https://www.smir.ch/api/object-links/571913"
      },
      {
        "selfUrl": "https://www.smir.ch/api/object-links/573124"
      }
    ],
    "nextPageUrl": "https://www.smir.ch/api/objects/54195/object-links?rpp=25&page=1"
  },
  "ontologyItems": {
    "totalCount": 1,
    "pagination": {
      "rpp": 25,
      "page": 0
    },
    "items": [
      {
        "selfUrl": "https://www.smir.ch/api/ontologies/0/50801"
      }
    ],
    "nextPageUrl": null
  },
  "ontologyItemRelations": {
    "totalCount": 1,
    "pagination": {
      "rpp": 25,
      "page": 0
    },
    "items": [
      {
        "selfUrl": "https://www.smir.ch/api/object-ontologies/69221"
      }
    ],
    "nextPageUrl": null
  },
  "objectPreviews": [
    {
      "selfUrl": "https://www.smir.ch/api/objects/54195/previews/0"
    },
    {
      "selfUrl": "https://www.smir.ch/api/objects/54195/previews/1"
    },
    {
      "selfUrl": "https://www.smir.ch/api/objects/54195/previews/2"
    },
    {
      "selfUrl": "https://www.smir.ch/api/objects/54195/previews/3"
    },
    {
      "selfUrl": "https://www.smir.ch/api/objects/54195/previews/4"
    },
    {
      "selfUrl": "https://www.smir.ch/api/objects/54195/previews/5"
    }
  ],
  "objectGroupRights": [
    {
      "selfUrl": "https://www.smir.ch/api/object-group-rights/47508"
    },
    {
      "selfUrl": "https://www.smir.ch/api/object-group-rights/47514"
    },
    {
      "selfUrl": "https://www.smir.ch/api/object-group-rights/47515"
    }
  ],
  "objectUserRights": null,
  "selfUrl": "https://www.smir.ch/api/objects/54195"
}