{
  "rawImage": {
    "sliceThickness": null,
    "spaceBetweenSlices": null,
    "kilovoltPeak": null,
    "modality": {
      "id": 24,
      "name": "MR_T1",
      "description": "Magnetic Resonance T1",
      "selfUrl": "https://www.smir.ch/api/modalities/24"
    }
  },
  "subjectSnapshot": {
    "ageInDays": null,
    "heightInMeters": null,
    "weightInKilograms": null,
    "gender": {
      "id": 1,
      "name": "O",
      "description": "Other",
      "selfUrl": "https://www.smir.ch/api/genders/1"
    },
    "dominance": {
      "id": 1,
      "name": "NS",
      "description": "Not Specified",
      "selfUrl": "https://www.smir.ch/api/dominances/1"
    }
  },
  "id": 54200,
  "createdDate": "2014-11-05T09:38:25.7400000Z",
  "name": "SMIR.Brain.XX.O.MR_T1.54200.000.mha",
  "description": "BRATS 2014 Testing Data",
  "ontologyCount": 1,
  "type": {
    "name": "RawImage",
    "displayName": "Raw Image",
    "displayNameShort": "RAW",
    "selfUrl": "https://www.smir.ch/api/object_types/RawImage"
  },
  "downloadUrl": "https://www.smir.ch/api/objects/54200/download",
  "license": {
    "selfUrl": "https://www.smir.ch/api/licenses/1"
  },
  "owner": {
    "selfUrl": "https://www.smir.ch/api/users/86"
  },
  "files": {
    "totalCount": 1,
    "pagination": {
      "rpp": 25,
      "page": 0
    },
    "items": [
      {
        "selfUrl": "https://www.smir.ch/api/files/753899"
      }
    ],
    "nextPageUrl": null
  },
  "linkedObjects": {
    "totalCount": 1298,
    "pagination": {
      "rpp": 25,
      "page": 0
    },
    "items": [
      {
        "selfUrl": "https://www.smir.ch/api/objects/54204"
      },
      {
        "selfUrl": "https://www.smir.ch/api/objects/79157"
      },
      {
        "selfUrl": "https://www.smir.ch/api/objects/100215"
      },
      {
        "selfUrl": "https://www.smir.ch/api/objects/130718"
      },
      {
        "selfUrl": "https://www.smir.ch/api/objects/130720"
      },
      {
        "selfUrl": "https://www.smir.ch/api/objects/131152"
      },
      {
        "selfUrl": "https://www.smir.ch/api/objects/131154"
      },
      {
        "selfUrl": "https://www.smir.ch/api/objects/131158"
      },
      {
        "selfUrl": "https://www.smir.ch/api/objects/131159"
      },
      {
        "selfUrl": "https://www.smir.ch/api/objects/131987"
      },
      {
        "selfUrl": "https://www.smir.ch/api/objects/132326"
      },
      {
        "selfUrl": "https://www.smir.ch/api/objects/132511"
      },
      {
        "selfUrl": "https://www.smir.ch/api/objects/132620"
      },
      {
        "selfUrl": "https://www.smir.ch/api/objects/132756"
      },
      {
        "selfUrl": "https://www.smir.ch/api/objects/133040"
      },
      {
        "selfUrl": "https://www.smir.ch/api/objects/135210"
      },
      {
        "selfUrl": "https://www.smir.ch/api/objects/135348"
      },
      {
        "selfUrl": "https://www.smir.ch/api/objects/135378"
      },
      {
        "selfUrl": "https://www.smir.ch/api/objects/135385"
      },
      {
        "selfUrl": "https://www.smir.ch/api/objects/135494"
      },
      {
        "selfUrl": "https://www.smir.ch/api/objects/135653"
      },
      {
        "selfUrl": "https://www.smir.ch/api/objects/135906"
      },
      {
        "selfUrl": "https://www.smir.ch/api/objects/136158"
      },
      {
        "selfUrl": "https://www.smir.ch/api/objects/137081"
      },
      {
        "selfUrl": "https://www.smir.ch/api/objects/139408"
      }
    ],
    "nextPageUrl": "https://www.smir.ch/api/objects/54200/objects?rpp=25&page=1"
  },
  "linkedObjectRelations": {
    "totalCount": 1298,
    "pagination": {
      "rpp": 25,
      "page": 0
    },
    "items": [
      {
        "selfUrl": "https://www.smir.ch/api/object-links/262562"
      },
      {
        "selfUrl": "https://www.smir.ch/api/object-links/380668"
      },
      {
        "selfUrl": "https://www.smir.ch/api/object-links/446150"
      },
      {
        "selfUrl": "https://www.smir.ch/api/object-links/543211"
      },
      {
        "selfUrl": "https://www.smir.ch/api/object-links/543221"
      },
      {
        "selfUrl": "https://www.smir.ch/api/object-links/545378"
      },
      {
        "selfUrl": "https://www.smir.ch/api/object-links/545388"
      },
      {
        "selfUrl": "https://www.smir.ch/api/object-links/545408"
      },
      {
        "selfUrl": "https://www.smir.ch/api/object-links/545413"
      },
      {
        "selfUrl": "https://www.smir.ch/api/object-links/549537"
      },
      {
        "selfUrl": "https://www.smir.ch/api/object-links/551221"
      },
      {
        "selfUrl": "https://www.smir.ch/api/object-links/552119"
      },
      {
        "selfUrl": "https://www.smir.ch/api/object-links/552664"
      },
      {
        "selfUrl": "https://www.smir.ch/api/object-links/553240"
      },
      {
        "selfUrl": "https://www.smir.ch/api/object-links/554294"
      },
      {
        "selfUrl": "https://www.smir.ch/api/object-links/568242"
      },
      {
        "selfUrl": "https://www.smir.ch/api/object-links/568932"
      },
      {
        "selfUrl": "https://www.smir.ch/api/object-links/569082"
      },
      {
        "selfUrl": "https://www.smir.ch/api/object-links/569117"
      },
      {
        "selfUrl": "https://www.smir.ch/api/object-links/569662"
      },
      {
        "selfUrl": "https://www.smir.ch/api/object-links/570457"
      },
      {
        "selfUrl": "https://www.smir.ch/api/object-links/571932"
      },
      {
        "selfUrl": "https://www.smir.ch/api/object-links/573128"
      },
      {
        "selfUrl": "https://www.smir.ch/api/object-links/577781"
      },
      {
        "selfUrl": "https://www.smir.ch/api/object-links/589359"
      }
    ],
    "nextPageUrl": "https://www.smir.ch/api/objects/54200/object-links?rpp=25&page=1"
  },
  "ontologyItems": {
    "totalCount": 1,
    "pagination": {
      "rpp": 25,
      "page": 0
    },
    "items": [
      {
        "selfUrl": "https://www.smir.ch/api/ontologies/0/50801"
      }
    ],
    "nextPageUrl": null
  },
  "ontologyItemRelations": {
    "totalCount": 1,
    "pagination": {
      "rpp": 25,
      "page": 0
    },
    "items": [
      {
        "selfUrl": "https://www.smir.ch/api/object-ontologies/69229"
      }
    ],
    "nextPageUrl": null
  },
  "objectPreviews": [
    {
      "selfUrl": "https://www.smir.ch/api/objects/54200/previews/0"
    },
    {
      "selfUrl": "https://www.smir.ch/api/objects/54200/previews/1"
    },
    {
      "selfUrl": "https://www.smir.ch/api/objects/54200/previews/2"
    },
    {
      "selfUrl": "https://www.smir.ch/api/objects/54200/previews/3"
    },
    {
      "selfUrl": "https://www.smir.ch/api/objects/54200/previews/4"
    },
    {
      "selfUrl": "https://www.smir.ch/api/objects/54200/previews/5"
    }
  ],
  "objectGroupRights": [
    {
      "selfUrl": "https://www.smir.ch/api/object-group-rights/47524"
    },
    {
      "selfUrl": "https://www.smir.ch/api/object-group-rights/47533"
    },
    {
      "selfUrl": "https://www.smir.ch/api/object-group-rights/47534"
    }
  ],
  "objectUserRights": null,
  "selfUrl": "https://www.smir.ch/api/objects/54200"
}