{
  "rawImage": {
    "sliceThickness": null,
    "spaceBetweenSlices": null,
    "kilovoltPeak": null,
    "modality": {
      "id": 26,
      "name": "MR_T2",
      "description": "Magnetic Resonance T2",
      "selfUrl": "https://www.smir.ch/api/modalities/26"
    }
  },
  "subjectSnapshot": {
    "ageInDays": null,
    "heightInMeters": null,
    "weightInKilograms": null,
    "gender": {
      "id": 1,
      "name": "O",
      "description": "Other",
      "selfUrl": "https://www.smir.ch/api/genders/1"
    },
    "dominance": {
      "id": 1,
      "name": "NS",
      "description": "Not Specified",
      "selfUrl": "https://www.smir.ch/api/dominances/1"
    }
  },
  "id": 54218,
  "createdDate": "2014-11-05T10:19:29.5030000Z",
  "name": "SMIR.Brain.XX.O.MR_T2.54218.000.mha",
  "description": "BRATS 2014 Testing Data",
  "ontologyCount": 1,
  "type": {
    "name": "RawImage",
    "displayName": "Raw Image",
    "displayNameShort": "RAW",
    "selfUrl": "https://www.smir.ch/api/object_types/RawImage"
  },
  "downloadUrl": "https://www.smir.ch/api/objects/54218/download",
  "license": {
    "selfUrl": "https://www.smir.ch/api/licenses/1"
  },
  "owner": {
    "selfUrl": "https://www.smir.ch/api/users/86"
  },
  "files": {
    "totalCount": 1,
    "pagination": {
      "rpp": 25,
      "page": 0
    },
    "items": [
      {
        "selfUrl": "https://www.smir.ch/api/files/753911"
      }
    ],
    "nextPageUrl": null
  },
  "linkedObjects": {
    "totalCount": 1224,
    "pagination": {
      "rpp": 25,
      "page": 0
    },
    "items": [
      {
        "selfUrl": "https://www.smir.ch/api/objects/54220"
      },
      {
        "selfUrl": "https://www.smir.ch/api/objects/79157"
      },
      {
        "selfUrl": "https://www.smir.ch/api/objects/100217"
      },
      {
        "selfUrl": "https://www.smir.ch/api/objects/117687"
      },
      {
        "selfUrl": "https://www.smir.ch/api/objects/117691"
      },
      {
        "selfUrl": "https://www.smir.ch/api/objects/130723"
      },
      {
        "selfUrl": "https://www.smir.ch/api/objects/130728"
      },
      {
        "selfUrl": "https://www.smir.ch/api/objects/130733"
      },
      {
        "selfUrl": "https://www.smir.ch/api/objects/130740"
      },
      {
        "selfUrl": "https://www.smir.ch/api/objects/131115"
      },
      {
        "selfUrl": "https://www.smir.ch/api/objects/131971"
      },
      {
        "selfUrl": "https://www.smir.ch/api/objects/132051"
      },
      {
        "selfUrl": "https://www.smir.ch/api/objects/132358"
      },
      {
        "selfUrl": "https://www.smir.ch/api/objects/132513"
      },
      {
        "selfUrl": "https://www.smir.ch/api/objects/132622"
      },
      {
        "selfUrl": "https://www.smir.ch/api/objects/132758"
      },
      {
        "selfUrl": "https://www.smir.ch/api/objects/133044"
      },
      {
        "selfUrl": "https://www.smir.ch/api/objects/135113"
      },
      {
        "selfUrl": "https://www.smir.ch/api/objects/135211"
      },
      {
        "selfUrl": "https://www.smir.ch/api/objects/135344"
      },
      {
        "selfUrl": "https://www.smir.ch/api/objects/135349"
      },
      {
        "selfUrl": "https://www.smir.ch/api/objects/135377"
      },
      {
        "selfUrl": "https://www.smir.ch/api/objects/135383"
      },
      {
        "selfUrl": "https://www.smir.ch/api/objects/135493"
      },
      {
        "selfUrl": "https://www.smir.ch/api/objects/135652"
      }
    ],
    "nextPageUrl": "https://www.smir.ch/api/objects/54218/objects?rpp=25&page=1"
  },
  "linkedObjectRelations": {
    "totalCount": 1224,
    "pagination": {
      "rpp": 25,
      "page": 0
    },
    "items": [
      {
        "selfUrl": "https://www.smir.ch/api/object-links/262572"
      },
      {
        "selfUrl": "https://www.smir.ch/api/object-links/380684"
      },
      {
        "selfUrl": "https://www.smir.ch/api/object-links/446162"
      },
      {
        "selfUrl": "https://www.smir.ch/api/object-links/505097"
      },
      {
        "selfUrl": "https://www.smir.ch/api/object-links/505105"
      },
      {
        "selfUrl": "https://www.smir.ch/api/object-links/543238"
      },
      {
        "selfUrl": "https://www.smir.ch/api/object-links/543263"
      },
      {
        "selfUrl": "https://www.smir.ch/api/object-links/543288"
      },
      {
        "selfUrl": "https://www.smir.ch/api/object-links/543323"
      },
      {
        "selfUrl": "https://www.smir.ch/api/object-links/545198"
      },
      {
        "selfUrl": "https://www.smir.ch/api/object-links/549459"
      },
      {
        "selfUrl": "https://www.smir.ch/api/object-links/549859"
      },
      {
        "selfUrl": "https://www.smir.ch/api/object-links/551383"
      },
      {
        "selfUrl": "https://www.smir.ch/api/object-links/552131"
      },
      {
        "selfUrl": "https://www.smir.ch/api/object-links/552676"
      },
      {
        "selfUrl": "https://www.smir.ch/api/object-links/553252"
      },
      {
        "selfUrl": "https://www.smir.ch/api/object-links/554316"
      },
      {
        "selfUrl": "https://www.smir.ch/api/object-links/567483"
      },
      {
        "selfUrl": "https://www.smir.ch/api/object-links/568249"
      },
      {
        "selfUrl": "https://www.smir.ch/api/object-links/568914"
      },
      {
        "selfUrl": "https://www.smir.ch/api/object-links/568939"
      },
      {
        "selfUrl": "https://www.smir.ch/api/object-links/569079"
      },
      {
        "selfUrl": "https://www.smir.ch/api/object-links/569109"
      },
      {
        "selfUrl": "https://www.smir.ch/api/object-links/569659"
      },
      {
        "selfUrl": "https://www.smir.ch/api/object-links/570454"
      }
    ],
    "nextPageUrl": "https://www.smir.ch/api/objects/54218/object-links?rpp=25&page=1"
  },
  "ontologyItems": {
    "totalCount": 1,
    "pagination": {
      "rpp": 25,
      "page": 0
    },
    "items": [
      {
        "selfUrl": "https://www.smir.ch/api/ontologies/0/50801"
      }
    ],
    "nextPageUrl": null
  },
  "ontologyItemRelations": {
    "totalCount": 1,
    "pagination": {
      "rpp": 25,
      "page": 0
    },
    "items": [
      {
        "selfUrl": "https://www.smir.ch/api/object-ontologies/69239"
      }
    ],
    "nextPageUrl": null
  },
  "objectPreviews": [
    {
      "selfUrl": "https://www.smir.ch/api/objects/54218/previews/0"
    },
    {
      "selfUrl": "https://www.smir.ch/api/objects/54218/previews/1"
    },
    {
      "selfUrl": "https://www.smir.ch/api/objects/54218/previews/2"
    },
    {
      "selfUrl": "https://www.smir.ch/api/objects/54218/previews/3"
    },
    {
      "selfUrl": "https://www.smir.ch/api/objects/54218/previews/4"
    },
    {
      "selfUrl": "https://www.smir.ch/api/objects/54218/previews/5"
    }
  ],
  "objectGroupRights": [
    {
      "selfUrl": "https://www.smir.ch/api/object-group-rights/47552"
    },
    {
      "selfUrl": "https://www.smir.ch/api/object-group-rights/47557"
    },
    {
      "selfUrl": "https://www.smir.ch/api/object-group-rights/47558"
    }
  ],
  "objectUserRights": null,
  "selfUrl": "https://www.smir.ch/api/objects/54218"
}