{
  "rawImage": {
    "sliceThickness": null,
    "spaceBetweenSlices": null,
    "kilovoltPeak": null,
    "modality": {
      "id": 24,
      "name": "MR_T1",
      "description": "Magnetic Resonance T1",
      "selfUrl": "https://www.smir.ch/api/modalities/24"
    }
  },
  "subjectSnapshot": {
    "ageInDays": null,
    "heightInMeters": null,
    "weightInKilograms": null,
    "gender": {
      "id": 1,
      "name": "O",
      "description": "Other",
      "selfUrl": "https://www.smir.ch/api/genders/1"
    },
    "dominance": {
      "id": 1,
      "name": "NS",
      "description": "Not Specified",
      "selfUrl": "https://www.smir.ch/api/dominances/1"
    }
  },
  "id": 54216,
  "createdDate": "2014-11-05T10:19:16.2370000Z",
  "name": "SMIR.Brain.XX.O.MR_T1.54216.000.mha",
  "description": "BRATS 2014 Testing Data",
  "ontologyCount": 1,
  "type": {
    "name": "RawImage",
    "displayName": "Raw Image",
    "displayNameShort": "RAW",
    "selfUrl": "https://www.smir.ch/api/object_types/RawImage"
  },
  "downloadUrl": "https://www.smir.ch/api/objects/54216/download",
  "license": {
    "selfUrl": "https://www.smir.ch/api/licenses/1"
  },
  "owner": {
    "selfUrl": "https://www.smir.ch/api/users/86"
  },
  "files": {
    "totalCount": 1,
    "pagination": {
      "rpp": 25,
      "page": 0
    },
    "items": [
      {
        "selfUrl": "https://www.smir.ch/api/files/753909"
      }
    ],
    "nextPageUrl": null
  },
  "linkedObjects": {
    "totalCount": 1222,
    "pagination": {
      "rpp": 25,
      "page": 0
    },
    "items": [
      {
        "selfUrl": "https://www.smir.ch/api/objects/54220"
      },
      {
        "selfUrl": "https://www.smir.ch/api/objects/79157"
      },
      {
        "selfUrl": "https://www.smir.ch/api/objects/100217"
      },
      {
        "selfUrl": "https://www.smir.ch/api/objects/130723"
      },
      {
        "selfUrl": "https://www.smir.ch/api/objects/130728"
      },
      {
        "selfUrl": "https://www.smir.ch/api/objects/130733"
      },
      {
        "selfUrl": "https://www.smir.ch/api/objects/130740"
      },
      {
        "selfUrl": "https://www.smir.ch/api/objects/131115"
      },
      {
        "selfUrl": "https://www.smir.ch/api/objects/131971"
      },
      {
        "selfUrl": "https://www.smir.ch/api/objects/132051"
      },
      {
        "selfUrl": "https://www.smir.ch/api/objects/132358"
      },
      {
        "selfUrl": "https://www.smir.ch/api/objects/132513"
      },
      {
        "selfUrl": "https://www.smir.ch/api/objects/132622"
      },
      {
        "selfUrl": "https://www.smir.ch/api/objects/132758"
      },
      {
        "selfUrl": "https://www.smir.ch/api/objects/133044"
      },
      {
        "selfUrl": "https://www.smir.ch/api/objects/135113"
      },
      {
        "selfUrl": "https://www.smir.ch/api/objects/135211"
      },
      {
        "selfUrl": "https://www.smir.ch/api/objects/135344"
      },
      {
        "selfUrl": "https://www.smir.ch/api/objects/135349"
      },
      {
        "selfUrl": "https://www.smir.ch/api/objects/135377"
      },
      {
        "selfUrl": "https://www.smir.ch/api/objects/135383"
      },
      {
        "selfUrl": "https://www.smir.ch/api/objects/135493"
      },
      {
        "selfUrl": "https://www.smir.ch/api/objects/135652"
      },
      {
        "selfUrl": "https://www.smir.ch/api/objects/135855"
      },
      {
        "selfUrl": "https://www.smir.ch/api/objects/135904"
      }
    ],
    "nextPageUrl": "https://www.smir.ch/api/objects/54216/objects?rpp=25&page=1"
  },
  "linkedObjectRelations": {
    "totalCount": 1222,
    "pagination": {
      "rpp": 25,
      "page": 0
    },
    "items": [
      {
        "selfUrl": "https://www.smir.ch/api/object-links/262570"
      },
      {
        "selfUrl": "https://www.smir.ch/api/object-links/380682"
      },
      {
        "selfUrl": "https://www.smir.ch/api/object-links/446160"
      },
      {
        "selfUrl": "https://www.smir.ch/api/object-links/543236"
      },
      {
        "selfUrl": "https://www.smir.ch/api/object-links/543261"
      },
      {
        "selfUrl": "https://www.smir.ch/api/object-links/543286"
      },
      {
        "selfUrl": "https://www.smir.ch/api/object-links/543321"
      },
      {
        "selfUrl": "https://www.smir.ch/api/object-links/545196"
      },
      {
        "selfUrl": "https://www.smir.ch/api/object-links/549457"
      },
      {
        "selfUrl": "https://www.smir.ch/api/object-links/549857"
      },
      {
        "selfUrl": "https://www.smir.ch/api/object-links/551381"
      },
      {
        "selfUrl": "https://www.smir.ch/api/object-links/552129"
      },
      {
        "selfUrl": "https://www.smir.ch/api/object-links/552674"
      },
      {
        "selfUrl": "https://www.smir.ch/api/object-links/553250"
      },
      {
        "selfUrl": "https://www.smir.ch/api/object-links/554314"
      },
      {
        "selfUrl": "https://www.smir.ch/api/object-links/567481"
      },
      {
        "selfUrl": "https://www.smir.ch/api/object-links/568247"
      },
      {
        "selfUrl": "https://www.smir.ch/api/object-links/568912"
      },
      {
        "selfUrl": "https://www.smir.ch/api/object-links/568937"
      },
      {
        "selfUrl": "https://www.smir.ch/api/object-links/569077"
      },
      {
        "selfUrl": "https://www.smir.ch/api/object-links/569107"
      },
      {
        "selfUrl": "https://www.smir.ch/api/object-links/569657"
      },
      {
        "selfUrl": "https://www.smir.ch/api/object-links/570452"
      },
      {
        "selfUrl": "https://www.smir.ch/api/object-links/571587"
      },
      {
        "selfUrl": "https://www.smir.ch/api/object-links/571922"
      }
    ],
    "nextPageUrl": "https://www.smir.ch/api/objects/54216/object-links?rpp=25&page=1"
  },
  "ontologyItems": {
    "totalCount": 1,
    "pagination": {
      "rpp": 25,
      "page": 0
    },
    "items": [
      {
        "selfUrl": "https://www.smir.ch/api/ontologies/0/50801"
      }
    ],
    "nextPageUrl": null
  },
  "ontologyItemRelations": {
    "totalCount": 1,
    "pagination": {
      "rpp": 25,
      "page": 0
    },
    "items": [
      {
        "selfUrl": "https://www.smir.ch/api/object-ontologies/69241"
      }
    ],
    "nextPageUrl": null
  },
  "objectPreviews": [
    {
      "selfUrl": "https://www.smir.ch/api/objects/54216/previews/0"
    },
    {
      "selfUrl": "https://www.smir.ch/api/objects/54216/previews/1"
    },
    {
      "selfUrl": "https://www.smir.ch/api/objects/54216/previews/2"
    },
    {
      "selfUrl": "https://www.smir.ch/api/objects/54216/previews/3"
    },
    {
      "selfUrl": "https://www.smir.ch/api/objects/54216/previews/4"
    },
    {
      "selfUrl": "https://www.smir.ch/api/objects/54216/previews/5"
    }
  ],
  "objectGroupRights": [
    {
      "selfUrl": "https://www.smir.ch/api/object-group-rights/47554"
    },
    {
      "selfUrl": "https://www.smir.ch/api/object-group-rights/47561"
    },
    {
      "selfUrl": "https://www.smir.ch/api/object-group-rights/47562"
    }
  ],
  "objectUserRights": null,
  "selfUrl": "https://www.smir.ch/api/objects/54216"
}