{
  "rawImage": {
    "sliceThickness": null,
    "spaceBetweenSlices": null,
    "kilovoltPeak": null,
    "modality": {
      "id": 26,
      "name": "MR_T2",
      "description": "Magnetic Resonance T2",
      "selfUrl": "https://www.smir.ch/api/modalities/26"
    }
  },
  "subjectSnapshot": {
    "ageInDays": null,
    "heightInMeters": null,
    "weightInKilograms": null,
    "gender": {
      "id": 1,
      "name": "O",
      "description": "Other",
      "selfUrl": "https://www.smir.ch/api/genders/1"
    },
    "dominance": {
      "id": 1,
      "name": "NS",
      "description": "Not Specified",
      "selfUrl": "https://www.smir.ch/api/dominances/1"
    }
  },
  "id": 54196,
  "createdDate": "2014-11-05T09:17:42.7270000Z",
  "name": "SMIR.Brain.XX.O.MR_T2.54196.000.mha",
  "description": "BRATS 2014 Testing Data",
  "ontologyCount": 1,
  "type": {
    "name": "RawImage",
    "displayName": "Raw Image",
    "displayNameShort": "RAW",
    "selfUrl": "https://www.smir.ch/api/object_types/RawImage"
  },
  "downloadUrl": "https://www.smir.ch/api/objects/54196/download",
  "license": {
    "selfUrl": "https://www.smir.ch/api/licenses/1"
  },
  "owner": {
    "selfUrl": "https://www.smir.ch/api/users/86"
  },
  "files": {
    "totalCount": 1,
    "pagination": {
      "rpp": 25,
      "page": 0
    },
    "items": [
      {
        "selfUrl": "https://www.smir.ch/api/files/753896"
      }
    ],
    "nextPageUrl": null
  },
  "linkedObjects": {
    "totalCount": 1342,
    "pagination": {
      "rpp": 25,
      "page": 0
    },
    "items": [
      {
        "selfUrl": "https://www.smir.ch/api/objects/54198"
      },
      {
        "selfUrl": "https://www.smir.ch/api/objects/79157"
      },
      {
        "selfUrl": "https://www.smir.ch/api/objects/100214"
      },
      {
        "selfUrl": "https://www.smir.ch/api/objects/117689"
      },
      {
        "selfUrl": "https://www.smir.ch/api/objects/117690"
      },
      {
        "selfUrl": "https://www.smir.ch/api/objects/117806"
      },
      {
        "selfUrl": "https://www.smir.ch/api/objects/130717"
      },
      {
        "selfUrl": "https://www.smir.ch/api/objects/130719"
      },
      {
        "selfUrl": "https://www.smir.ch/api/objects/131151"
      },
      {
        "selfUrl": "https://www.smir.ch/api/objects/131155"
      },
      {
        "selfUrl": "https://www.smir.ch/api/objects/131156"
      },
      {
        "selfUrl": "https://www.smir.ch/api/objects/131157"
      },
      {
        "selfUrl": "https://www.smir.ch/api/objects/131989"
      },
      {
        "selfUrl": "https://www.smir.ch/api/objects/132049"
      },
      {
        "selfUrl": "https://www.smir.ch/api/objects/132316"
      },
      {
        "selfUrl": "https://www.smir.ch/api/objects/132432"
      },
      {
        "selfUrl": "https://www.smir.ch/api/objects/132512"
      },
      {
        "selfUrl": "https://www.smir.ch/api/objects/132619"
      },
      {
        "selfUrl": "https://www.smir.ch/api/objects/132755"
      },
      {
        "selfUrl": "https://www.smir.ch/api/objects/133039"
      },
      {
        "selfUrl": "https://www.smir.ch/api/objects/135212"
      },
      {
        "selfUrl": "https://www.smir.ch/api/objects/135347"
      },
      {
        "selfUrl": "https://www.smir.ch/api/objects/135379"
      },
      {
        "selfUrl": "https://www.smir.ch/api/objects/135384"
      },
      {
        "selfUrl": "https://www.smir.ch/api/objects/135495"
      }
    ],
    "nextPageUrl": "https://www.smir.ch/api/objects/54196/objects?rpp=25&page=1"
  },
  "linkedObjectRelations": {
    "totalCount": 1342,
    "pagination": {
      "rpp": 25,
      "page": 0
    },
    "items": [
      {
        "selfUrl": "https://www.smir.ch/api/object-links/262560"
      },
      {
        "selfUrl": "https://www.smir.ch/api/object-links/380665"
      },
      {
        "selfUrl": "https://www.smir.ch/api/object-links/446147"
      },
      {
        "selfUrl": "https://www.smir.ch/api/object-links/505101"
      },
      {
        "selfUrl": "https://www.smir.ch/api/object-links/505103"
      },
      {
        "selfUrl": "https://www.smir.ch/api/object-links/505338"
      },
      {
        "selfUrl": "https://www.smir.ch/api/object-links/543208"
      },
      {
        "selfUrl": "https://www.smir.ch/api/object-links/543218"
      },
      {
        "selfUrl": "https://www.smir.ch/api/object-links/545375"
      },
      {
        "selfUrl": "https://www.smir.ch/api/object-links/545395"
      },
      {
        "selfUrl": "https://www.smir.ch/api/object-links/545400"
      },
      {
        "selfUrl": "https://www.smir.ch/api/object-links/545405"
      },
      {
        "selfUrl": "https://www.smir.ch/api/object-links/549549"
      },
      {
        "selfUrl": "https://www.smir.ch/api/object-links/549849"
      },
      {
        "selfUrl": "https://www.smir.ch/api/object-links/551173"
      },
      {
        "selfUrl": "https://www.smir.ch/api/object-links/551685"
      },
      {
        "selfUrl": "https://www.smir.ch/api/object-links/552126"
      },
      {
        "selfUrl": "https://www.smir.ch/api/object-links/552661"
      },
      {
        "selfUrl": "https://www.smir.ch/api/object-links/553237"
      },
      {
        "selfUrl": "https://www.smir.ch/api/object-links/554291"
      },
      {
        "selfUrl": "https://www.smir.ch/api/object-links/568254"
      },
      {
        "selfUrl": "https://www.smir.ch/api/object-links/568929"
      },
      {
        "selfUrl": "https://www.smir.ch/api/object-links/569089"
      },
      {
        "selfUrl": "https://www.smir.ch/api/object-links/569114"
      },
      {
        "selfUrl": "https://www.smir.ch/api/object-links/569669"
      }
    ],
    "nextPageUrl": "https://www.smir.ch/api/objects/54196/object-links?rpp=25&page=1"
  },
  "ontologyItems": {
    "totalCount": 1,
    "pagination": {
      "rpp": 25,
      "page": 0
    },
    "items": [
      {
        "selfUrl": "https://www.smir.ch/api/ontologies/0/50801"
      }
    ],
    "nextPageUrl": null
  },
  "ontologyItemRelations": {
    "totalCount": 1,
    "pagination": {
      "rpp": 25,
      "page": 0
    },
    "items": [
      {
        "selfUrl": "https://www.smir.ch/api/object-ontologies/69220"
      }
    ],
    "nextPageUrl": null
  },
  "objectPreviews": [
    {
      "selfUrl": "https://www.smir.ch/api/objects/54196/previews/0"
    },
    {
      "selfUrl": "https://www.smir.ch/api/objects/54196/previews/1"
    },
    {
      "selfUrl": "https://www.smir.ch/api/objects/54196/previews/2"
    },
    {
      "selfUrl": "https://www.smir.ch/api/objects/54196/previews/3"
    },
    {
      "selfUrl": "https://www.smir.ch/api/objects/54196/previews/4"
    },
    {
      "selfUrl": "https://www.smir.ch/api/objects/54196/previews/5"
    }
  ],
  "objectGroupRights": [
    {
      "selfUrl": "https://www.smir.ch/api/object-group-rights/47507"
    },
    {
      "selfUrl": "https://www.smir.ch/api/object-group-rights/47512"
    },
    {
      "selfUrl": "https://www.smir.ch/api/object-group-rights/47513"
    }
  ],
  "objectUserRights": null,
  "selfUrl": "https://www.smir.ch/api/objects/54196"
}