{
  "rawImage": {
    "sliceThickness": null,
    "spaceBetweenSlices": null,
    "kilovoltPeak": null,
    "modality": {
      "id": 24,
      "name": "MR_T1",
      "description": "Magnetic Resonance T1",
      "selfUrl": "https://www.smir.ch/api/modalities/24"
    }
  },
  "subjectSnapshot": {
    "ageInDays": null,
    "heightInMeters": null,
    "weightInKilograms": null,
    "gender": {
      "id": 1,
      "name": "O",
      "description": "Other",
      "selfUrl": "https://www.smir.ch/api/genders/1"
    },
    "dominance": {
      "id": 1,
      "name": "NS",
      "description": "Not Specified",
      "selfUrl": "https://www.smir.ch/api/dominances/1"
    }
  },
  "id": 54206,
  "createdDate": "2014-11-05T09:52:26.6200000Z",
  "name": "SMIR.Brain.XX.O.MR_T1.54206.000.mha",
  "description": "BRATS 2014 Testing Data",
  "ontologyCount": 1,
  "type": {
    "name": "RawImage",
    "displayName": "Raw Image",
    "displayNameShort": "RAW",
    "selfUrl": "https://www.smir.ch/api/object_types/RawImage"
  },
  "downloadUrl": "https://www.smir.ch/api/objects/54206/download",
  "license": {
    "selfUrl": "https://www.smir.ch/api/licenses/1"
  },
  "owner": {
    "selfUrl": "https://www.smir.ch/api/users/86"
  },
  "files": {
    "totalCount": 1,
    "pagination": {
      "rpp": 25,
      "page": 0
    },
    "items": [
      {
        "selfUrl": "https://www.smir.ch/api/files/753904"
      }
    ],
    "nextPageUrl": null
  },
  "linkedObjects": {
    "totalCount": 1230,
    "pagination": {
      "rpp": 25,
      "page": 0
    },
    "items": [
      {
        "selfUrl": "https://www.smir.ch/api/objects/54210"
      },
      {
        "selfUrl": "https://www.smir.ch/api/objects/79157"
      },
      {
        "selfUrl": "https://www.smir.ch/api/objects/100216"
      },
      {
        "selfUrl": "https://www.smir.ch/api/objects/130726"
      },
      {
        "selfUrl": "https://www.smir.ch/api/objects/130727"
      },
      {
        "selfUrl": "https://www.smir.ch/api/objects/130736"
      },
      {
        "selfUrl": "https://www.smir.ch/api/objects/130739"
      },
      {
        "selfUrl": "https://www.smir.ch/api/objects/132000"
      },
      {
        "selfUrl": "https://www.smir.ch/api/objects/132050"
      },
      {
        "selfUrl": "https://www.smir.ch/api/objects/132306"
      },
      {
        "selfUrl": "https://www.smir.ch/api/objects/132510"
      },
      {
        "selfUrl": "https://www.smir.ch/api/objects/132628"
      },
      {
        "selfUrl": "https://www.smir.ch/api/objects/132757"
      },
      {
        "selfUrl": "https://www.smir.ch/api/objects/133041"
      },
      {
        "selfUrl": "https://www.smir.ch/api/objects/135209"
      },
      {
        "selfUrl": "https://www.smir.ch/api/objects/135346"
      },
      {
        "selfUrl": "https://www.smir.ch/api/objects/135376"
      },
      {
        "selfUrl": "https://www.smir.ch/api/objects/135386"
      },
      {
        "selfUrl": "https://www.smir.ch/api/objects/135497"
      },
      {
        "selfUrl": "https://www.smir.ch/api/objects/135654"
      },
      {
        "selfUrl": "https://www.smir.ch/api/objects/135905"
      },
      {
        "selfUrl": "https://www.smir.ch/api/objects/136159"
      },
      {
        "selfUrl": "https://www.smir.ch/api/objects/137089"
      },
      {
        "selfUrl": "https://www.smir.ch/api/objects/139409"
      },
      {
        "selfUrl": "https://www.smir.ch/api/objects/140775"
      }
    ],
    "nextPageUrl": "https://www.smir.ch/api/objects/54206/objects?rpp=25&page=1"
  },
  "linkedObjectRelations": {
    "totalCount": 1230,
    "pagination": {
      "rpp": 25,
      "page": 0
    },
    "items": [
      {
        "selfUrl": "https://www.smir.ch/api/object-links/262566"
      },
      {
        "selfUrl": "https://www.smir.ch/api/object-links/380673"
      },
      {
        "selfUrl": "https://www.smir.ch/api/object-links/446155"
      },
      {
        "selfUrl": "https://www.smir.ch/api/object-links/543251"
      },
      {
        "selfUrl": "https://www.smir.ch/api/object-links/543256"
      },
      {
        "selfUrl": "https://www.smir.ch/api/object-links/543301"
      },
      {
        "selfUrl": "https://www.smir.ch/api/object-links/543316"
      },
      {
        "selfUrl": "https://www.smir.ch/api/object-links/549602"
      },
      {
        "selfUrl": "https://www.smir.ch/api/object-links/549852"
      },
      {
        "selfUrl": "https://www.smir.ch/api/object-links/551121"
      },
      {
        "selfUrl": "https://www.smir.ch/api/object-links/552114"
      },
      {
        "selfUrl": "https://www.smir.ch/api/object-links/552704"
      },
      {
        "selfUrl": "https://www.smir.ch/api/object-links/553245"
      },
      {
        "selfUrl": "https://www.smir.ch/api/object-links/554299"
      },
      {
        "selfUrl": "https://www.smir.ch/api/object-links/568237"
      },
      {
        "selfUrl": "https://www.smir.ch/api/object-links/568922"
      },
      {
        "selfUrl": "https://www.smir.ch/api/object-links/569072"
      },
      {
        "selfUrl": "https://www.smir.ch/api/object-links/569122"
      },
      {
        "selfUrl": "https://www.smir.ch/api/object-links/569677"
      },
      {
        "selfUrl": "https://www.smir.ch/api/object-links/570462"
      },
      {
        "selfUrl": "https://www.smir.ch/api/object-links/571927"
      },
      {
        "selfUrl": "https://www.smir.ch/api/object-links/573133"
      },
      {
        "selfUrl": "https://www.smir.ch/api/object-links/577821"
      },
      {
        "selfUrl": "https://www.smir.ch/api/object-links/589364"
      },
      {
        "selfUrl": "https://www.smir.ch/api/object-links/596785"
      }
    ],
    "nextPageUrl": "https://www.smir.ch/api/objects/54206/object-links?rpp=25&page=1"
  },
  "ontologyItems": {
    "totalCount": 1,
    "pagination": {
      "rpp": 25,
      "page": 0
    },
    "items": [
      {
        "selfUrl": "https://www.smir.ch/api/ontologies/0/50801"
      }
    ],
    "nextPageUrl": null
  },
  "ontologyItemRelations": {
    "totalCount": 1,
    "pagination": {
      "rpp": 25,
      "page": 0
    },
    "items": [
      {
        "selfUrl": "https://www.smir.ch/api/object-ontologies/69235"
      }
    ],
    "nextPageUrl": null
  },
  "objectPreviews": [
    {
      "selfUrl": "https://www.smir.ch/api/objects/54206/previews/0"
    },
    {
      "selfUrl": "https://www.smir.ch/api/objects/54206/previews/1"
    },
    {
      "selfUrl": "https://www.smir.ch/api/objects/54206/previews/2"
    },
    {
      "selfUrl": "https://www.smir.ch/api/objects/54206/previews/3"
    },
    {
      "selfUrl": "https://www.smir.ch/api/objects/54206/previews/4"
    },
    {
      "selfUrl": "https://www.smir.ch/api/objects/54206/previews/5"
    }
  ],
  "objectGroupRights": [
    {
      "selfUrl": "https://www.smir.ch/api/object-group-rights/47539"
    },
    {
      "selfUrl": "https://www.smir.ch/api/object-group-rights/47548"
    },
    {
      "selfUrl": "https://www.smir.ch/api/object-group-rights/47549"
    }
  ],
  "objectUserRights": null,
  "selfUrl": "https://www.smir.ch/api/objects/54206"
}