{
  "rawImage": {
    "sliceThickness": null,
    "spaceBetweenSlices": null,
    "kilovoltPeak": null,
    "modality": {
      "id": 23,
      "name": "MR_Flair",
      "description": "Magnetic Resonance Flair",
      "selfUrl": "https://www.smir.ch/api/modalities/23"
    }
  },
  "subjectSnapshot": {
    "ageInDays": null,
    "heightInMeters": null,
    "weightInKilograms": null,
    "gender": {
      "id": 1,
      "name": "O",
      "description": "Other",
      "selfUrl": "https://www.smir.ch/api/genders/1"
    },
    "dominance": {
      "id": 1,
      "name": "NS",
      "description": "Not Specified",
      "selfUrl": "https://www.smir.ch/api/dominances/1"
    }
  },
  "id": 54205,
  "createdDate": "2014-11-05T09:52:20.8070000Z",
  "name": "SMIR.Brain.XX.O.MR_Flair.54205.000.mha",
  "description": "BRATS 2014 Testing Data",
  "ontologyCount": 1,
  "type": {
    "name": "RawImage",
    "displayName": "Raw Image",
    "displayNameShort": "RAW",
    "selfUrl": "https://www.smir.ch/api/object_types/RawImage"
  },
  "downloadUrl": "https://www.smir.ch/api/objects/54205/download",
  "license": {
    "selfUrl": "https://www.smir.ch/api/licenses/1"
  },
  "owner": {
    "selfUrl": "https://www.smir.ch/api/users/86"
  },
  "files": {
    "totalCount": 1,
    "pagination": {
      "rpp": 25,
      "page": 0
    },
    "items": [
      {
        "selfUrl": "https://www.smir.ch/api/files/753903"
      }
    ],
    "nextPageUrl": null
  },
  "linkedObjects": {
    "totalCount": 1282,
    "pagination": {
      "rpp": 25,
      "page": 0
    },
    "items": [
      {
        "selfUrl": "https://www.smir.ch/api/objects/54210"
      },
      {
        "selfUrl": "https://www.smir.ch/api/objects/79157"
      },
      {
        "selfUrl": "https://www.smir.ch/api/objects/93528"
      },
      {
        "selfUrl": "https://www.smir.ch/api/objects/94577"
      },
      {
        "selfUrl": "https://www.smir.ch/api/objects/94889"
      },
      {
        "selfUrl": "https://www.smir.ch/api/objects/95090"
      },
      {
        "selfUrl": "https://www.smir.ch/api/objects/96350"
      },
      {
        "selfUrl": "https://www.smir.ch/api/objects/97195"
      },
      {
        "selfUrl": "https://www.smir.ch/api/objects/97290"
      },
      {
        "selfUrl": "https://www.smir.ch/api/objects/97343"
      },
      {
        "selfUrl": "https://www.smir.ch/api/objects/97451"
      },
      {
        "selfUrl": "https://www.smir.ch/api/objects/97593"
      },
      {
        "selfUrl": "https://www.smir.ch/api/objects/97609"
      },
      {
        "selfUrl": "https://www.smir.ch/api/objects/97707"
      },
      {
        "selfUrl": "https://www.smir.ch/api/objects/97829"
      },
      {
        "selfUrl": "https://www.smir.ch/api/objects/97900"
      },
      {
        "selfUrl": "https://www.smir.ch/api/objects/97961"
      },
      {
        "selfUrl": "https://www.smir.ch/api/objects/98020"
      },
      {
        "selfUrl": "https://www.smir.ch/api/objects/98023"
      },
      {
        "selfUrl": "https://www.smir.ch/api/objects/98083"
      },
      {
        "selfUrl": "https://www.smir.ch/api/objects/98119"
      },
      {
        "selfUrl": "https://www.smir.ch/api/objects/98908"
      },
      {
        "selfUrl": "https://www.smir.ch/api/objects/99006"
      },
      {
        "selfUrl": "https://www.smir.ch/api/objects/99058"
      },
      {
        "selfUrl": "https://www.smir.ch/api/objects/100216"
      }
    ],
    "nextPageUrl": "https://www.smir.ch/api/objects/54205/objects?rpp=25&page=1"
  },
  "linkedObjectRelations": {
    "totalCount": 1282,
    "pagination": {
      "rpp": 25,
      "page": 0
    },
    "items": [
      {
        "selfUrl": "https://www.smir.ch/api/object-links/262565"
      },
      {
        "selfUrl": "https://www.smir.ch/api/object-links/380672"
      },
      {
        "selfUrl": "https://www.smir.ch/api/object-links/430819"
      },
      {
        "selfUrl": "https://www.smir.ch/api/object-links/433591"
      },
      {
        "selfUrl": "https://www.smir.ch/api/object-links/434426"
      },
      {
        "selfUrl": "https://www.smir.ch/api/object-links/434769"
      },
      {
        "selfUrl": "https://www.smir.ch/api/object-links/436929"
      },
      {
        "selfUrl": "https://www.smir.ch/api/object-links/438456"
      },
      {
        "selfUrl": "https://www.smir.ch/api/object-links/438620"
      },
      {
        "selfUrl": "https://www.smir.ch/api/object-links/438729"
      },
      {
        "selfUrl": "https://www.smir.ch/api/object-links/438958"
      },
      {
        "selfUrl": "https://www.smir.ch/api/object-links/439314"
      },
      {
        "selfUrl": "https://www.smir.ch/api/object-links/439346"
      },
      {
        "selfUrl": "https://www.smir.ch/api/object-links/439540"
      },
      {
        "selfUrl": "https://www.smir.ch/api/object-links/439801"
      },
      {
        "selfUrl": "https://www.smir.ch/api/object-links/439946"
      },
      {
        "selfUrl": "https://www.smir.ch/api/object-links/440071"
      },
      {
        "selfUrl": "https://www.smir.ch/api/object-links/440192"
      },
      {
        "selfUrl": "https://www.smir.ch/api/object-links/440198"
      },
      {
        "selfUrl": "https://www.smir.ch/api/object-links/440321"
      },
      {
        "selfUrl": "https://www.smir.ch/api/object-links/440396"
      },
      {
        "selfUrl": "https://www.smir.ch/api/object-links/441971"
      },
      {
        "selfUrl": "https://www.smir.ch/api/object-links/442169"
      },
      {
        "selfUrl": "https://www.smir.ch/api/object-links/442276"
      },
      {
        "selfUrl": "https://www.smir.ch/api/object-links/446158"
      }
    ],
    "nextPageUrl": "https://www.smir.ch/api/objects/54205/object-links?rpp=25&page=1"
  },
  "ontologyItems": {
    "totalCount": 1,
    "pagination": {
      "rpp": 25,
      "page": 0
    },
    "items": [
      {
        "selfUrl": "https://www.smir.ch/api/ontologies/0/50801"
      }
    ],
    "nextPageUrl": null
  },
  "ontologyItemRelations": {
    "totalCount": 1,
    "pagination": {
      "rpp": 25,
      "page": 0
    },
    "items": [
      {
        "selfUrl": "https://www.smir.ch/api/object-ontologies/69236"
      }
    ],
    "nextPageUrl": null
  },
  "objectPreviews": [
    {
      "selfUrl": "https://www.smir.ch/api/objects/54205/previews/0"
    },
    {
      "selfUrl": "https://www.smir.ch/api/objects/54205/previews/1"
    },
    {
      "selfUrl": "https://www.smir.ch/api/objects/54205/previews/2"
    },
    {
      "selfUrl": "https://www.smir.ch/api/objects/54205/previews/3"
    },
    {
      "selfUrl": "https://www.smir.ch/api/objects/54205/previews/4"
    },
    {
      "selfUrl": "https://www.smir.ch/api/objects/54205/previews/5"
    }
  ],
  "objectGroupRights": [
    {
      "selfUrl": "https://www.smir.ch/api/object-group-rights/47540"
    },
    {
      "selfUrl": "https://www.smir.ch/api/object-group-rights/47550"
    },
    {
      "selfUrl": "https://www.smir.ch/api/object-group-rights/47551"
    }
  ],
  "objectUserRights": null,
  "selfUrl": "https://www.smir.ch/api/objects/54205"
}