{
  "rawImage": {
    "sliceThickness": null,
    "spaceBetweenSlices": null,
    "kilovoltPeak": null,
    "modality": {
      "id": 23,
      "name": "MR_Flair",
      "description": "Magnetic Resonance Flair",
      "selfUrl": "https://www.smir.ch/api/modalities/23"
    }
  },
  "subjectSnapshot": {
    "ageInDays": null,
    "heightInMeters": null,
    "weightInKilograms": null,
    "gender": {
      "id": 1,
      "name": "O",
      "description": "Other",
      "selfUrl": "https://www.smir.ch/api/genders/1"
    },
    "dominance": {
      "id": 1,
      "name": "NS",
      "description": "Not Specified",
      "selfUrl": "https://www.smir.ch/api/dominances/1"
    }
  },
  "id": 54215,
  "createdDate": "2014-11-05T10:19:08.7830000Z",
  "name": "SMIR.Brain.XX.O.MR_Flair.54215.000.mha",
  "description": "BRATS 2014 Testing Data",
  "ontologyCount": 1,
  "type": {
    "name": "RawImage",
    "displayName": "Raw Image",
    "displayNameShort": "RAW",
    "selfUrl": "https://www.smir.ch/api/object_types/RawImage"
  },
  "downloadUrl": "https://www.smir.ch/api/objects/54215/download",
  "license": {
    "selfUrl": "https://www.smir.ch/api/licenses/1"
  },
  "owner": {
    "selfUrl": "https://www.smir.ch/api/users/86"
  },
  "files": {
    "totalCount": 1,
    "pagination": {
      "rpp": 25,
      "page": 0
    },
    "items": [
      {
        "selfUrl": "https://www.smir.ch/api/files/753908"
      }
    ],
    "nextPageUrl": null
  },
  "linkedObjects": {
    "totalCount": 1280,
    "pagination": {
      "rpp": 25,
      "page": 0
    },
    "items": [
      {
        "selfUrl": "https://www.smir.ch/api/objects/54220"
      },
      {
        "selfUrl": "https://www.smir.ch/api/objects/79157"
      },
      {
        "selfUrl": "https://www.smir.ch/api/objects/93533"
      },
      {
        "selfUrl": "https://www.smir.ch/api/objects/94578"
      },
      {
        "selfUrl": "https://www.smir.ch/api/objects/94682"
      },
      {
        "selfUrl": "https://www.smir.ch/api/objects/94881"
      },
      {
        "selfUrl": "https://www.smir.ch/api/objects/95089"
      },
      {
        "selfUrl": "https://www.smir.ch/api/objects/96351"
      },
      {
        "selfUrl": "https://www.smir.ch/api/objects/97190"
      },
      {
        "selfUrl": "https://www.smir.ch/api/objects/97291"
      },
      {
        "selfUrl": "https://www.smir.ch/api/objects/97344"
      },
      {
        "selfUrl": "https://www.smir.ch/api/objects/97452"
      },
      {
        "selfUrl": "https://www.smir.ch/api/objects/97594"
      },
      {
        "selfUrl": "https://www.smir.ch/api/objects/97610"
      },
      {
        "selfUrl": "https://www.smir.ch/api/objects/97708"
      },
      {
        "selfUrl": "https://www.smir.ch/api/objects/97837"
      },
      {
        "selfUrl": "https://www.smir.ch/api/objects/97902"
      },
      {
        "selfUrl": "https://www.smir.ch/api/objects/97936"
      },
      {
        "selfUrl": "https://www.smir.ch/api/objects/98002"
      },
      {
        "selfUrl": "https://www.smir.ch/api/objects/98024"
      },
      {
        "selfUrl": "https://www.smir.ch/api/objects/98080"
      },
      {
        "selfUrl": "https://www.smir.ch/api/objects/98126"
      },
      {
        "selfUrl": "https://www.smir.ch/api/objects/98909"
      },
      {
        "selfUrl": "https://www.smir.ch/api/objects/99007"
      },
      {
        "selfUrl": "https://www.smir.ch/api/objects/99059"
      }
    ],
    "nextPageUrl": "https://www.smir.ch/api/objects/54215/objects?rpp=25&page=1"
  },
  "linkedObjectRelations": {
    "totalCount": 1280,
    "pagination": {
      "rpp": 25,
      "page": 0
    },
    "items": [
      {
        "selfUrl": "https://www.smir.ch/api/object-links/262569"
      },
      {
        "selfUrl": "https://www.smir.ch/api/object-links/380681"
      },
      {
        "selfUrl": "https://www.smir.ch/api/object-links/430829"
      },
      {
        "selfUrl": "https://www.smir.ch/api/object-links/433593"
      },
      {
        "selfUrl": "https://www.smir.ch/api/object-links/433800"
      },
      {
        "selfUrl": "https://www.smir.ch/api/object-links/434410"
      },
      {
        "selfUrl": "https://www.smir.ch/api/object-links/434767"
      },
      {
        "selfUrl": "https://www.smir.ch/api/object-links/436931"
      },
      {
        "selfUrl": "https://www.smir.ch/api/object-links/438446"
      },
      {
        "selfUrl": "https://www.smir.ch/api/object-links/438622"
      },
      {
        "selfUrl": "https://www.smir.ch/api/object-links/438731"
      },
      {
        "selfUrl": "https://www.smir.ch/api/object-links/438960"
      },
      {
        "selfUrl": "https://www.smir.ch/api/object-links/439316"
      },
      {
        "selfUrl": "https://www.smir.ch/api/object-links/439348"
      },
      {
        "selfUrl": "https://www.smir.ch/api/object-links/439542"
      },
      {
        "selfUrl": "https://www.smir.ch/api/object-links/439817"
      },
      {
        "selfUrl": "https://www.smir.ch/api/object-links/439950"
      },
      {
        "selfUrl": "https://www.smir.ch/api/object-links/440018"
      },
      {
        "selfUrl": "https://www.smir.ch/api/object-links/440153"
      },
      {
        "selfUrl": "https://www.smir.ch/api/object-links/440200"
      },
      {
        "selfUrl": "https://www.smir.ch/api/object-links/440315"
      },
      {
        "selfUrl": "https://www.smir.ch/api/object-links/440410"
      },
      {
        "selfUrl": "https://www.smir.ch/api/object-links/441973"
      },
      {
        "selfUrl": "https://www.smir.ch/api/object-links/442171"
      },
      {
        "selfUrl": "https://www.smir.ch/api/object-links/442278"
      }
    ],
    "nextPageUrl": "https://www.smir.ch/api/objects/54215/object-links?rpp=25&page=1"
  },
  "ontologyItems": {
    "totalCount": 1,
    "pagination": {
      "rpp": 25,
      "page": 0
    },
    "items": [
      {
        "selfUrl": "https://www.smir.ch/api/ontologies/0/50801"
      }
    ],
    "nextPageUrl": null
  },
  "ontologyItemRelations": {
    "totalCount": 1,
    "pagination": {
      "rpp": 25,
      "page": 0
    },
    "items": [
      {
        "selfUrl": "https://www.smir.ch/api/object-ontologies/69242"
      }
    ],
    "nextPageUrl": null
  },
  "objectPreviews": [
    {
      "selfUrl": "https://www.smir.ch/api/objects/54215/previews/0"
    },
    {
      "selfUrl": "https://www.smir.ch/api/objects/54215/previews/1"
    },
    {
      "selfUrl": "https://www.smir.ch/api/objects/54215/previews/2"
    },
    {
      "selfUrl": "https://www.smir.ch/api/objects/54215/previews/3"
    },
    {
      "selfUrl": "https://www.smir.ch/api/objects/54215/previews/4"
    },
    {
      "selfUrl": "https://www.smir.ch/api/objects/54215/previews/5"
    }
  ],
  "objectGroupRights": [
    {
      "selfUrl": "https://www.smir.ch/api/object-group-rights/47555"
    },
    {
      "selfUrl": "https://www.smir.ch/api/object-group-rights/47563"
    },
    {
      "selfUrl": "https://www.smir.ch/api/object-group-rights/47564"
    }
  ],
  "objectUserRights": null,
  "selfUrl": "https://www.smir.ch/api/objects/54215"
}